source_line,label,linear_svm
1177,1,0
1613,1,0
1834,1,0
2426,1,0
2533,0,1
3369,0,1
3935,1,0
4597,0,1
5785,0,1
6212,1,0
6730,1,0
6938,1,0
7673,1,0
8401,0,1
8849,0,1
9087,1,0
9266,1,0
11722,1,0
11886,0,1
12037,1,0
12072,0,1
12302,0,1
13374,1,0
14095,0,1
14217,0,1
15062,1,0
15267,1,0
15928,1,0
15997,1,0
16280,0,1
18100,1,0
18146,1,0
18343,0,1
19988,1,0
21201,0,1
21230,1,0
21618,1,0
21699,1,0
21886,0,1
22066,0,1
22135,1,0
22261,0,1
22656,0,1
22725,0,1
24290,1,0
24467,1,0
26874,0,1
26946,0,1
28176,0,1
28903,1,0
28907,0,1
29286,1,0
30371,0,1
31433,0,1
33339,1,0
34606,0,1
36733,0,1
37117,1,0
37144,1,0
37653,1,0
37929,1,0
38357,0,1
39384,1,0
39495,1,0
39668,1,0
40880,0,1
45612,1,0
47342,0,1
47905,0,1
48477,1,0
49127,1,0
49327,0,1
49848,0,1
49882,0,1
51306,0,1
52281,1,0
52414,1,0
53148,0,1
53647,1,0
54091,1,0
55053,1,0
56223,0,1
56596,0,1
56765,1,0
57265,1,0
57788,1,0
59093,0,1
60568,0,1
62305,0,1
63946,0,1
64406,1,0
65262,1,0
67608,0,1
68529,1,0
69260,1,0
69622,0,1
70035,0,1
71101,0,1
71647,0,1
71819,1,0
