source_line,label,naive_bayes,logistic_regression,linear_svm
202,1,1,1,1
387,1,1,1,1
393,0,0,0,0
460,0,0,0,0
544,0,0,0,0
694,0,0,0,0
697,0,0,0,0
699,1,1,1,1
734,1,1,1,1
766,0,0,0,0
952,0,0,0,0
1027,1,1,1,1
1040,0,1,0,0
1098,0,0,0,0
1100,0,0,1,0
1177,1,0,0,0
1305,0,0,0,0
1320,1,1,1,1
1330,1,1,1,1
1390,1,1,1,1
1446,1,1,1,1
1545,0,0,0,0
1613,1,0,0,0
1651,1,1,1,1
1786,0,0,0,0
1834,1,0,0,0
1959,1,1,1,1
2011,1,1,1,1
2161,0,0,0,0
2216,0,0,0,0
2229,1,1,1,1
2278,0,1,0,0
2337,0,0,0,0
2426,1,0,0,0
2533,0,1,1,1
2650,0,0,0,0
2658,0,0,0,0
2785,0,1,0,0
3041,0,0,0,0
3065,1,1,1,1
3147,0,0,0,0
3154,1,1,1,1
3220,1,1,1,1
3223,0,0,0,0
3257,0,1,0,0
3328,0,0,0,0
3369,0,0,0,1
3432,0,0,0,0
3469,1,1,1,1
3600,0,0,0,0
3893,1,1,1,1
3935,1,1,0,0
3964,0,0,0,0
3991,0,0,0,0
4038,0,0,0,0
4155,1,1,1,1
4230,1,1,1,1
4234,1,1,1,1
4292,0,0,0,0
4368,1,0,1,1
4597,0,1,0,1
4727,1,1,1,1
4758,1,1,1,1
4825,1,1,1,1
4832,1,1,1,1
5053,0,0,0,0
5248,1,1,1,1
5260,0,0,0,0
5273,1,1,1,1
5484,1,1,1,1
5529,1,1,1,1
5546,1,1,1,1
5603,0,0,0,0
5622,0,0,0,0
5785,0,1,1,1
6194,1,1,1,1
6212,1,0,0,0
6244,0,0,0,0
6474,1,1,1,1
6555,0,0,0,0
6582,1,1,1,1
6592,1,1,1,1
6730,1,1,0,0
6783,1,1,1,1
6785,1,1,1,1
6888,0,0,0,0
6910,1,0,1,1
6938,1,0,0,0
7062,0,0,0,0
7072,0,0,0,0
7292,0,1,0,0
7399,0,0,0,0
7486,0,0,0,0
7518,0,0,0,0
7549,1,0,1,1
7632,1,1,1,1
7673,1,0,0,0
7715,0,0,0,0
7914,0,0,0,0
7965,1,1,1,1
8083,0,0,0,0
8129,0,0,0,0
8222,0,0,0,0
8348,0,0,0,0
8398,0,0,0,0
8401,0,0,1,1
8451,1,1,1,1
8500,0,0,0,0
8537,1,0,0,1
8605,0,0,0,0
8787,1,1,1,1
8849,0,1,1,1
8920,0,0,0,0
9087,1,1,0,0
9167,0,0,0,0
9266,1,1,1,0
9306,0,0,0,0
9327,1,1,1,1
9358,1,1,1,1
9383,1,1,1,1
9454,0,0,0,0
9455,1,1,1,1
9456,0,0,0,0
9535,1,1,1,1
9642,1,1,1,1
10002,1,1,1,1
10007,1,1,1,1
10031,1,1,1,1
10032,0,0,0,0
10156,0,0,0,0
10163,1,1,1,1
10316,0,0,0,0
10366,0,0,0,0
10399,1,1,1,1
10402,1,1,1,1
10425,0,0,0,0
10458,0,0,0,0
10468,0,0,0,0
10483,0,0,0,0
10542,1,1,1,1
10576,1,1,1,1
10609,0,0,0,0
10698,1,1,1,1
11010,0,0,0,0
11021,1,1,1,1
11078,0,0,0,0
11116,1,1,1,1
11170,1,1,1,1
11310,1,1,1,1
11463,0,0,0,0
11654,1,1,1,1
11722,1,0,0,0
11762,1,1,1,1
11806,0,0,0,0
11886,0,0,1,1
11904,0,0,0,0
11973,0,0,0,0
12021,1,1,1,1
12037,1,0,0,0
12072,0,0,1,1
12302,0,1,0,1
12465,0,0,0,0
12585,1,1,1,1
12612,1,1,1,1
12715,1,1,1,1
13049,0,0,0,0
13061,0,0,0,0
13077,1,1,1,1
13103,1,0,0,1
13105,0,0,0,0
13144,1,0,1,1
13191,1,1,1,1
13374,1,1,1,0
13559,1,1,1,1
13574,0,0,0,0
13619,0,0,0,0
14039,1,1,1,1
14095,0,0,1,1
14217,0,0,1,1
14417,0,0,0,0
14453,1,1,1,1
14492,1,1,1,1
14588,1,1,1,1
14883,0,0,0,0
14965,0,0,0,0
14990,0,0,0,0
15062,1,0,0,0
15145,1,0,1,1
15222,1,1,1,1
15248,0,0,0,0
15267,1,1,0,0
15292,0,0,0,0
15395,0,1,0,0
15458,1,1,1,1
15554,1,1,1,1
15591,1,1,1,1
15654,0,0,0,0
15684,1,0,0,1
15741,1,1,1,1
15747,0,0,0,0
15893,0,0,0,0
15926,1,1,1,1
15928,1,0,0,0
15997,1,0,1,0
16065,1,1,1,1
16271,0,0,0,0
16280,0,1,1,1
16553,0,0,0,0
16563,0,0,0,0
16569,1,1,1,1
16632,1,1,1,1
16692,0,0,0,0
16697,1,1,1,1
16710,0,0,0,0
16856,1,0,1,1
16925,1,1,1,1
16970,1,1,1,1
17092,1,1,1,1
17200,0,0,0,0
17207,1,1,1,1
17334,1,1,1,1
17392,0,0,0,0
17406,1,1,1,1
17544,1,1,1,1
17631,0,0,0,0
17820,0,0,0,0
17823,1,1,1,1
17870,1,1,1,1
17937,1,1,1,1
18069,1,1,1,1
18100,1,0,0,0
18146,1,1,0,0
18154,1,1,1,1
18318,1,1,1,1
18343,0,0,0,1
18352,0,0,0,0
18596,0,0,0,0
18721,1,0,1,1
18818,0,0,0,0
18858,0,1,0,0
18870,0,0,0,0
18948,1,1,1,1
19011,1,1,1,1
19146,1,1,1,1
19238,1,1,1,1
19300,1,1,1,1
19437,1,1,1,1
19620,0,0,1,0
19720,1,1,1,1
19938,1,1,1,1
19988,1,0,0,0
20062,0,0,0,0
20215,0,0,0,0
20235,1,1,1,1
20278,1,1,1,1
20319,1,1,1,1
20468,1,1,1,1
20951,1,1,1,1
21047,0,0,0,0
21073,1,1,1,1
21201,0,0,1,1
21213,0,0,0,0
21230,1,0,0,0
21358,1,1,1,1
21373,0,1,0,0
21529,0,0,0,0
21618,1,0,0,0
21699,1,0,1,0
21852,0,0,0,0
21886,0,0,1,1
21888,1,1,1,1
21924,0,0,0,0
21949,1,1,1,1
22066,0,1,1,1
22135,1,0,0,0
22261,0,1,1,1
22379,0,0,0,0
22502,1,1,1,1
22547,0,0,0,0
22656,0,0,1,1
22725,0,1,1,1
22815,0,0,0,0
22834,0,0,0,0
22898,1,1,1,1
22944,1,1,1,1
22979,0,0,0,0
22983,0,0,0,0
23047,0,0,0,0
23128,1,1,1,1
23218,0,1,0,0
23351,1,1,1,1
23471,1,1,1,1
23493,1,1,1,1
23586,1,1,1,1
23750,0,0,0,0
23828,0,0,0,0
23892,1,1,1,1
23963,0,0,0,0
23983,1,1,1,1
24001,0,0,0,0
24040,0,0,0,0
24156,1,1,1,1
24247,1,1,1,1
24290,1,1,0,0
24297,1,1,1,1
24300,0,0,0,0
24319,1,1,1,1
24336,0,0,0,0
24337,1,1,1,1
24362,0,0,0,0
24449,1,1,1,1
24467,1,1,0,0
24572,1,1,1,1
24579,0,0,0,0
24583,0,0,0,0
24771,1,1,1,1
24966,1,1,1,1
24990,1,1,1,1
25041,0,0,0,0
25342,0,0,0,0
25374,0,0,0,0
25573,1,1,1,1
25643,1,1,1,1
25729,1,0,1,1
25749,1,1,1,1
25756,1,1,1,1
25781,0,0,0,0
25889,0,0,0,0
25908,1,1,1,1
25970,0,0,0,0
25974,0,0,0,0
26342,1,1,1,1
26408,0,0,0,0
26475,1,1,1,1
26719,1,1,1,1
26720,1,1,1,1
26804,1,1,1,1
26856,0,0,0,0
26858,0,0,0,0
26874,0,1,1,1
26944,0,0,0,0
26946,0,1,1,1
26981,1,1,1,1
27004,0,0,0,0
27034,1,1,1,1
27056,0,0,0,0
27164,0,0,0,0
27194,1,1,1,1
27266,1,1,1,1
27307,0,0,0,0
27309,1,1,1,1
27449,0,0,0,0
27544,1,1,1,1
27569,0,0,0,0
27596,0,0,0,0
27898,1,1,1,1
27960,0,1,0,0
27967,0,0,0,0
27993,0,0,0,0
28013,1,1,1,1
28040,0,0,0,0
28055,0,0,0,0
28176,0,1,1,1
28196,0,0,0,0
28296,0,0,0,0
28300,1,1,1,1
28311,0,0,0,0
28320,1,1,1,1
28341,0,0,0,0
28402,1,1,1,1
28570,1,1,1,1
28690,1,1,1,1
28704,1,1,1,1
28719,1,1,1,1
28759,0,0,0,0
28765,0,0,0,0
28807,0,1,0,0
28847,0,1,0,0
28857,0,0,0,0
28879,1,1,1,1
28898,0,0,0,0
28903,1,1,0,0
28907,0,1,1,1
28983,0,0,0,0
29031,1,1,1,1
29154,0,0,0,0
29286,1,1,0,0
29321,1,1,1,1
29699,1,0,1,1
29800,1,1,1,1
30371,0,1,1,1
30494,0,0,0,0
30514,1,1,1,1
30627,0,0,0,0
30700,1,1,1,1
30732,1,1,1,1
30774,1,1,1,1
30802,0,0,0,0
30909,1,1,1,1
31094,0,0,0,0
31116,1,1,1,1
31394,1,1,1,1
31433,0,0,1,1
31497,0,0,0,0
31539,1,1,1,1
31569,0,0,0,0
31599,0,0,0,0
31708,0,0,0,0
31793,0,0,0,0
31829,1,1,1,1
32003,0,0,0,0
32182,1,1,1,1
32235,0,0,0,0
32407,0,0,0,0
32509,1,1,1,1
32552,0,0,0,0
32743,1,1,1,1
32765,0,0,0,0
32834,1,1,1,1
33014,0,0,0,0
33063,0,0,0,0
33194,1,1,1,1
33339,1,0,0,0
33488,0,0,0,0
33535,1,1,1,1
33891,1,1,0,1
34018,1,1,1,1
34215,1,1,1,1
34295,1,0,1,1
34309,1,1,1,1
34527,1,1,1,1
34532,0,0,0,0
34606,0,0,1,1
34612,0,0,0,0
34672,0,0,0,0
34780,1,1,1,1
34821,0,0,0,0
34985,0,0,0,0
35044,1,1,1,1
35240,0,0,0,0
35313,0,0,0,0
35349,0,0,0,0
35455,0,0,0,0
35500,0,0,0,0
35537,0,0,0,0
35559,1,1,1,1
35613,1,1,1,1
35674,1,1,1,1
35802,0,0,0,0
36086,1,1,1,1
36136,1,1,1,1
36289,1,1,1,1
36312,1,1,1,1
36569,1,1,1,1
36573,1,1,1,1
36665,1,1,1,1
36733,0,1,1,1
36788,1,1,1,1
36875,0,0,0,0
36907,0,0,0,0
36996,0,0,0,0
37054,0,0,0,0
37117,1,0,0,0
37127,1,1,1,1
37144,1,0,0,0
37240,0,0,0,0
37263,1,1,1,1
37278,1,1,1,1
37354,1,1,1,1
37442,1,1,1,1
37451,1,1,1,1
37533,1,1,1,1
37578,1,1,1,1
37602,0,0,0,0
37653,1,0,0,0
37712,1,0,1,1
37718,1,0,1,1
37743,0,0,0,0
37761,1,1,1,1
37929,1,0,0,0
38014,1,1,1,1
38189,1,1,1,1
38263,1,1,1,1
38357,0,1,1,1
38758,1,1,1,1
38991,0,0,0,0
39082,0,0,0,0
39221,0,0,0,0
39249,1,1,1,1
39250,1,1,1,1
39356,0,0,1,0
39384,1,0,0,0
39432,1,1,1,1
39484,0,0,0,0
39495,1,0,0,0
39498,1,1,1,1
39528,1,1,1,1
39668,1,1,0,0
39669,0,0,0,0
39716,1,1,1,1
39794,0,0,0,0
39919,0,0,0,0
39975,1,1,1,1
40097,0,0,0,0
40122,1,1,1,1
40130,1,1,1,1
40374,1,1,1,1
40598,0,1,0,0
40633,0,0,0,0
40679,0,0,0,0
40740,0,0,0,0
40812,0,0,0,0
40880,0,1,1,1
40902,1,1,1,1
41006,1,0,1,1
41058,1,1,1,1
41121,0,0,0,0
41133,1,1,1,1
41181,1,1,1,1
41321,0,0,0,0
41359,0,0,0,0
41502,1,1,1,1
41569,1,1,1,1
41678,0,0,0,0
41730,0,0,0,0
41737,1,1,1,1
41883,0,0,0,0
42179,1,1,1,1
42227,0,0,0,0
42292,0,0,0,0
42294,1,1,1,1
42308,0,0,0,0
42325,1,1,1,1
42328,1,1,1,1
42408,1,0,1,1
42536,0,0,0,0
42621,1,1,1,1
42678,1,1,1,1
42832,0,0,0,0
43128,0,0,0,0
43168,1,1,1,1
43250,1,1,1,1
43307,1,1,1,1
43342,1,1,1,1
43637,0,0,0,0
43682,1,1,1,1
43697,0,0,0,0
43746,1,1,1,1
44102,1,1,1,1
44261,1,1,1,1
44403,1,1,1,1
44433,0,0,0,0
44483,0,1,0,0
44577,0,0,0,0
44582,1,1,1,1
44652,1,1,1,1
44918,1,0,1,1
45134,0,0,0,0
45186,1,1,1,1
45210,0,0,0,0
45275,1,1,1,1
45288,0,0,0,0
45355,1,1,1,1
45467,0,0,0,0
45612,1,1,1,0
45699,0,0,0,0
45769,1,1,1,1
45847,0,0,0,0
45854,1,1,1,1
45862,0,0,0,0
45911,1,1,1,1
46035,0,0,0,0
46262,1,1,1,1
46272,0,0,0,0
46448,1,0,1,1
46522,0,0,0,0
46540,0,1,0,0
46673,1,1,1,1
46707,0,0,0,0
46780,1,1,1,1
46839,1,1,1,1
46840,0,0,0,0
46925,1,1,1,1
47004,1,0,1,1
47122,1,1,1,1
47135,1,1,1,1
47191,0,0,0,0
47207,1,1,1,1
47246,1,1,1,1
47285,1,1,1,1
47319,1,1,1,1
47329,1,1,1,1
47342,0,1,1,1
47352,0,0,0,0
47416,1,1,1,1
47426,0,0,0,0
47442,0,0,0,0
47513,1,1,1,1
47522,1,1,1,1
47733,1,1,1,1
47905,0,1,1,1
47917,1,1,1,1
48069,1,1,1,1
48086,0,0,0,0
48192,1,1,1,1
48221,1,1,1,1
48477,1,0,0,0
48577,1,1,1,1
48584,0,0,0,0
49018,1,1,1,1
49035,0,0,0,0
49123,0,0,0,0
49127,1,0,0,0
49299,1,1,1,1
49318,0,0,0,0
49327,0,0,1,1
49343,1,1,1,1
49381,0,0,0,0
49509,1,1,1,1
49616,1,1,1,1
49846,1,1,1,1
49848,0,1,1,1
49882,0,1,1,1
49964,1,1,1,1
50123,0,0,0,0
50200,1,1,1,1
50401,1,1,1,1
50410,1,0,1,1
50448,1,1,1,1
50514,1,1,1,1
50610,1,0,1,1
50623,1,1,1,1
50788,0,0,0,0
50857,0,0,0,0
50919,1,1,1,1
50975,1,1,1,1
51016,1,1,1,1
51085,0,0,0,0
51243,0,0,0,0
51264,0,0,0,0
51306,0,1,1,1
51546,1,1,0,1
51605,0,0,0,0
51843,1,1,1,1
52142,0,0,0,0
52281,1,0,1,0
52414,1,0,0,0
52454,0,0,1,0
52468,1,1,1,1
52483,1,1,1,1
52500,0,0,0,0
52542,0,0,0,0
52620,1,1,1,1
52651,1,1,1,1
52768,1,1,1,1
52788,0,0,0,0
52886,0,0,0,0
53109,0,0,0,0
53148,0,1,1,1
53180,0,1,0,0
53217,1,1,1,1
53342,1,1,1,1
53470,1,0,1,1
53584,1,1,1,1
53647,1,1,0,0
53695,0,0,0,0
53724,1,1,1,1
53797,1,0,1,1
53855,0,0,0,0
53873,0,0,0,0
53891,1,1,1,1
54079,0,0,0,0
54091,1,0,0,0
54272,1,1,1,1
54373,0,0,0,0
54382,1,1,1,1
54447,1,1,1,1
54450,1,1,1,1
54570,0,0,0,0
54715,1,1,1,1
54728,1,1,1,1
54745,0,0,0,0
54844,1,1,1,1
54919,1,1,1,1
55004,1,1,1,1
55053,1,0,0,0
55139,0,0,0,0
55199,1,1,1,1
55353,0,0,0,0
55526,1,1,1,1
55638,1,1,1,1
55735,0,0,0,0
55746,1,1,1,1
55789,1,1,1,1
56051,0,0,0,0
56223,0,0,1,1
56276,0,0,0,0
56312,0,0,0,0
56404,1,1,1,1
56497,0,0,0,0
56596,0,1,1,1
56765,1,0,0,0
57080,1,1,1,1
57119,1,1,1,1
57123,0,0,0,0
57137,0,0,0,0
57258,0,0,0,0
57265,1,1,1,0
57374,0,0,0,0
57387,1,1,1,1
57456,0,0,0,0
57636,1,1,1,1
57753,1,1,1,1
57788,1,1,0,0
57946,1,1,1,1
58121,0,0,0,0
58127,0,0,0,0
58151,1,1,1,1
58220,0,0,0,0
58366,1,1,1,1
58444,0,0,0,0
58513,0,0,0,0
58696,0,0,0,0
58711,0,0,0,0
58789,0,0,0,0
58926,0,0,0,0
58968,1,1,1,1
59090,1,1,1,1
59093,0,1,1,1
59152,1,1,1,1
59287,1,1,1,1
59338,1,1,1,1
59379,1,1,1,1
59416,1,0,1,1
59622,0,0,0,0
59731,0,0,0,0
59802,0,0,1,0
59832,1,1,1,1
59873,1,1,1,1
59883,0,0,0,0
59908,0,0,0,0
59952,0,0,0,0
60000,1,1,1,1
60280,1,1,1,1
60292,0,0,0,0
60358,1,1,1,1
60411,0,0,0,0
60458,1,1,1,1
60568,0,1,1,1
60656,1,1,1,1
60858,0,0,0,0
60871,1,1,1,1
60903,1,1,1,1
61064,1,1,1,1
61296,0,0,0,0
61335,0,0,0,0
61338,0,0,0,0
61433,1,1,1,1
61642,1,1,1,1
61744,0,0,0,0
61916,1,1,1,1
61937,1,1,1,1
61974,1,1,1,1
62048,1,1,1,1
62099,1,1,1,1
62104,1,1,1,1
62128,1,1,1,1
62286,1,1,1,1
62305,0,1,1,1
62330,1,1,1,1
62391,1,1,1,1
62417,1,1,1,1
62741,1,1,1,1
62824,0,0,0,0
62866,1,1,1,1
62902,1,1,1,1
63128,0,0,0,0
63140,0,0,0,0
63197,1,0,1,1
63279,0,0,0,0
63306,0,0,0,0
63354,0,0,0,0
63420,0,0,0,0
63695,0,0,0,0
63759,0,0,0,0
63793,0,0,0,0
63821,1,1,1,1
63908,1,1,1,1
63946,0,1,1,1
63955,1,1,1,1
63979,0,1,0,0
64052,0,0,0,0
64055,0,0,0,0
64158,1,1,1,1
64181,0,0,0,0
64249,1,1,1,1
64406,1,0,0,0
64422,0,0,0,0
64506,0,0,0,0
64549,0,0,0,0
64606,1,1,1,1
64651,0,0,1,0
64742,0,0,0,0
64921,1,1,1,1
64950,0,0,0,0
65045,1,1,1,1
65111,0,0,0,0
65205,0,0,0,0
65223,1,1,1,1
65257,1,0,1,1
65262,1,0,0,0
65413,1,1,1,1
65463,1,1,1,1
65485,0,0,0,0
65626,0,0,0,0
65653,1,1,1,1
65658,1,1,1,1
65719,1,1,1,1
66032,1,1,0,1
66110,0,0,0,0
66193,0,0,0,0
66268,1,1,1,1
66407,1,1,1,1
66461,0,1,1,0
66464,0,0,0,0
66480,0,0,0,0
66481,1,1,1,1
66550,0,0,0,0
66556,1,1,1,1
66615,0,0,0,0
66822,1,1,1,1
66824,1,1,1,1
66941,1,0,1,1
66972,0,0,0,0
67075,0,0,0,0
67182,1,1,1,1
67253,0,0,0,0
67258,0,0,0,0
67277,1,1,1,1
67285,1,1,1,1
67400,1,1,1,1
67445,1,1,1,1
67524,1,1,1,1
67598,1,1,1,1
67608,0,1,1,1
67622,1,1,1,1
67668,0,0,0,0
67690,0,0,0,0
67806,0,0,0,0
67976,0,0,0,0
68010,0,0,0,0
68011,1,1,1,1
68020,0,0,0,0
68031,0,0,0,0
68146,0,0,0,0
68153,1,1,1,1
68243,0,0,0,0
68273,0,0,0,0
68332,0,0,0,0
68517,0,0,0,0
68529,1,1,0,0
68573,1,1,1,1
68631,1,1,1,1
68714,1,1,1,1
68738,1,1,1,1
68780,0,0,0,0
68964,0,0,0,0
69018,0,0,0,0
69075,1,1,1,1
69196,0,0,0,0
69215,0,0,0,0
69260,1,0,0,0
69350,1,1,1,1
69490,0,0,0,0
69622,0,1,1,1
69759,0,0,0,0
69760,0,1,0,0
69766,0,0,0,0
69810,0,1,0,0
69859,1,1,1,1
70001,0,0,0,0
70035,0,1,1,1
70203,0,0,0,0
70274,0,0,0,0
70389,1,1,1,1
70397,1,1,1,1
70432,1,1,1,1
70566,0,0,0,0
70569,1,1,1,1
70685,0,0,0,0
70948,1,1,1,1
70950,1,1,1,1
70995,0,0,0,0
71017,1,1,1,1
71027,1,1,1,1
71041,0,0,0,0
71066,1,1,1,1
71101,0,1,1,1
71114,1,1,1,1
71117,0,0,0,0
71270,1,1,1,1
71395,1,1,1,1
71647,0,0,1,1
71672,1,1,1,1
71711,0,0,0,0
71819,1,0,0,0
71829,1,1,1,1
71946,0,0,0,0
72071,0,0,0,0
72077,1,1,1,1
72138,0,0,0,0
72229,0,0,0,0
72364,1,1,1,1
72416,0,1,0,0
72463,0,0,0,0
72578,0,0,0,0
72675,0,0,0,0
72732,1,1,1,1
72754,0,1,1,1
72797,1,1,1,1
72979,1,1,1,1
72983,0,0,0,0
73130,1,1,1,1
73135,1,1,1,1
73173,1,0,1,1
73413,0,0,0,0
73414,1,1,1,1
73611,0,0,0,0
73672,1,1,0,1
73739,1,1,1,1
73935,0,0,0,0
73973,0,0,0,0
74213,1,1,1,1
74279,0,0,0,0
74295,0,0,0,0
74400,1,1,1,1
74462,0,0,0,0
74477,0,0,0,0
74528,0,1,1,1
74589,1,1,1,1
74593,1,1,1,1
74612,1,1,1,1
74671,0,0,0,0
74827,0,0,0,0
74833,1,1,1,1
74859,1,1,1,1
74942,0,0,0,0
75043,1,1,1,1
75083,0,0,0,0
75145,1,1,1,1
75164,1,1,1,1
75210,0,1,1,1
75216,1,1,1,1
75554,1,1,1,1
75681,0,0,0,0
75890,0,0,0,0
75932,0,0,0,0
75963,0,0,0,0
76047,1,1,1,1
76152,0,0,0,0
76170,0,0,0,0
76238,1,0,0,0
76254,0,0,0,0
76348,1,1,1,1
76396,0,0,0,0
76532,1,1,1,1
76614,1,1,1,1
76637,0,0,0,0
76641,0,0,0,0
76646,0,0,0,0
76808,1,1,1,1
76878,1,1,1,1
76896,1,1,0,0
76922,0,0,0,0
77004,0,0,0,0
77046,0,0,0,0
77098,0,0,0,0
77231,0,0,0,0
77482,1,1,1,1
77634,1,1,1,1
77701,0,0,0,0
77977,1,1,1,1
77984,0,0,0,0
77994,0,0,1,0
78025,1,1,0,0
78119,1,1,1,1
78382,1,1,1,1
78416,0,0,0,0
78437,1,1,1,1
78457,0,0,0,0
78584,0,0,0,0
78590,1,1,1,1
78672,0,0,0,0
78713,1,1,1,1
78739,0,0,0,0
78915,0,0,0,0
78939,1,0,0,0
78948,0,0,0,0
79016,1,1,0,1
79144,0,0,0,0
79235,0,1,0,0
79268,1,1,1,1
79269,1,1,1,1
79314,1,1,1,1
79395,1,1,1,1
79516,1,1,1,1
79525,1,1,1,1
79587,0,0,0,0
79647,0,0,0,0
79679,0,0,0,0
79790,0,0,0,0
79823,0,0,0,0
79885,1,1,1,1
80093,0,0,0,0
80188,0,0,0,0
80202,0,0,0,0
80225,0,0,0,0
80252,0,0,0,0
80257,0,0,0,0
80278,0,0,0,0
80379,1,1,1,1
80383,1,1,1,1
80435,1,1,1,1
80568,0,0,0,0
80594,1,1,1,1
80638,0,0,0,0
80677,1,1,1,1
80697,0,1,1,1
80700,1,1,1,1
80708,0,0,1,1
80726,0,0,0,0
80740,0,0,0,0
80742,1,0,1,1
80758,1,1,1,1
80812,0,1,1,1
80856,0,0,0,0
80879,0,0,0,0
80881,1,1,1,1
80969,0,0,0,0
81054,1,1,1,1
81092,0,1,1,1
81351,1,1,1,1
81385,0,0,0,0
81498,0,1,1,1
81537,1,1,1,1
81601,1,1,1,1
81689,1,1,1,1
81804,1,0,1,1
81821,0,0,0,0
81952,0,0,0,0
82018,0,0,0,0
82207,0,0,0,0
82403,0,0,0,0
82488,1,1,1,1
82529,0,0,0,0
82547,0,0,0,0
82688,1,1,1,1
82780,1,1,1,1
82807,0,0,0,0
82828,1,1,1,1
82889,1,1,1,1
82906,0,0,0,0
82998,1,1,1,1
83029,1,0,0,0
83228,1,1,1,1
83231,0,0,0,0
83469,0,0,0,0
83542,1,1,1,1
83664,0,1,1,1
83778,0,0,0,0
83805,0,0,0,0
83951,1,1,1,1
84157,1,1,1,1
84221,0,0,0,0
84275,0,1,1,1
84357,0,0,0,0
84439,0,0,0,0
84475,1,1,1,1
84497,1,1,1,1
84541,1,1,1,1
84589,1,1,1,1
84689,0,0,0,0
84732,0,0,0,0
84856,1,1,1,1
85036,0,0,0,0
85074,0,0,0,0
85141,0,0,0,0
85157,1,1,1,1
85272,0,0,0,0
85302,0,0,0,0
85396,1,0,0,0
85415,0,0,0,0
85519,1,1,1,1
85574,0,0,0,0
85609,1,1,1,1
85768,0,0,0,0
85839,1,1,1,1
85868,1,1,1,1
85890,1,1,1,1
85924,0,0,0,0
85992,1,1,1,1
85998,1,1,1,1
86389,1,1,1,1
86429,1,1,0,0
86565,1,1,1,1
86638,0,0,0,0
86964,0,0,1,1
87020,0,0,0,0
87165,0,0,0,0
87228,0,0,0,0
87292,1,1,1,1
87452,1,1,1,1
87502,0,0,1,0
87571,1,1,1,1
87673,0,0,0,0
87763,0,0,0,0
87799,0,0,0,0
87818,0,0,0,0
88072,0,0,0,0
88144,0,0,0,0
88168,1,1,1,1
88255,0,0,0,0
88260,0,0,0,0
88266,0,0,0,0
88536,1,1,1,1
88620,1,0,1,1
88621,1,1,1,1
88678,1,1,1,1
88835,0,1,0,0
89018,1,1,1,1
89033,1,1,1,1
89035,1,1,1,1
89391,1,1,1,1
89470,0,0,0,0
89499,1,1,1,1
89550,0,1,1,1
89571,1,1,0,0
89642,1,1,1,1
89653,0,0,0,0
89672,0,0,0,0
89712,1,1,1,1
89736,0,0,0,0
90230,0,0,0,0
90239,0,0,0,0
90245,1,1,1,1
90251,1,1,1,1
90410,0,1,1,1
90560,1,1,0,0
90565,1,1,1,1
90601,0,0,0,0
90605,1,1,1,1
90661,0,0,0,0
90683,1,1,1,1
90691,0,0,0,0
90784,0,0,0,0
91121,0,0,0,0
91206,0,0,0,0
91342,0,0,0,0
91519,0,0,0,0
91557,1,1,1,1
91612,1,1,1,1
91666,1,1,1,1
91680,1,1,1,1
91709,1,1,1,1
91711,1,1,1,1
91724,1,1,1,1
91767,1,1,1,1
91832,1,1,1,1
91916,0,0,0,0
91941,1,1,1,1
92055,0,0,0,0
92153,0,0,0,0
92183,0,0,0,0
92268,0,0,0,0
92271,1,1,1,1
92272,1,1,1,1
92371,1,1,1,1
92584,0,0,0,0
92643,1,1,1,1
92829,0,1,0,0
92922,1,1,1,1
93147,1,1,1,1
93176,1,0,1,0
93224,0,0,0,0
93377,0,0,0,0
93474,1,1,1,1
93521,1,1,1,1
93656,1,0,1,1
93661,1,1,1,1
93687,0,0,0,0
93880,1,1,0,1
94009,1,1,1,1
94111,1,1,1,1
94151,0,0,0,0
94178,1,1,1,1
94179,1,1,1,1
94228,1,0,1,1
94273,0,1,1,1
94300,0,0,1,1
94317,1,1,1,1
94396,1,1,1,1
94431,0,0,0,0
94497,1,1,1,1
94510,1,1,1,1
94606,0,0,0,0
94637,1,1,0,0
94644,1,1,1,1
94696,1,1,1,1
94709,1,1,1,1
94815,0,0,0,0
94823,0,0,0,0
94936,1,1,1,1
95019,0,0,0,0
95097,1,1,1,1
95099,1,1,1,1
95311,0,0,0,0
95323,0,0,0,0
95350,0,0,0,0
95494,0,0,0,0
95624,1,1,1,1
95660,1,1,1,1
95721,0,1,0,0
95924,0,0,0,0
96012,0,0,0,0
96032,1,1,1,1
96172,1,1,1,1
96394,1,1,1,1
96419,0,0,0,0
96451,0,0,0,0
96572,0,0,0,0
96699,1,1,1,1
96728,1,1,1,1
96759,1,1,1,1
96941,1,1,1,1
96965,1,1,1,1
97061,1,1,1,1
97149,1,1,0,0
97193,1,0,0,0
97455,0,0,0,0
97534,0,0,0,0
97612,0,0,0,0
97654,0,0,0,0
97764,1,1,1,1
97837,1,1,1,1
98017,0,0,0,0
98200,0,1,1,1
98306,1,1,0,0
98485,0,0,0,0
98501,0,0,0,0
98527,0,0,0,0
98531,0,1,0,1
98569,1,1,1,1
98665,1,1,1,1
98696,0,0,0,0
98704,1,1,1,1
98749,0,1,1,1
98767,0,0,0,0
98819,0,0,0,0
98846,1,0,1,1
98892,1,1,1,1
98983,1,0,0,0
99102,1,1,1,1
99168,1,1,0,0
99216,0,0,0,0
99389,0,0,0,0
99426,1,0,1,1
99450,1,1,1,1
99507,1,1,1,1
99517,0,0,0,0
99607,1,1,1,1
99671,1,1,1,1
99724,1,1,1,1
100063,0,0,1,0
100088,1,0,0,0
100127,0,0,0,0
100300,1,1,1,1
100401,1,1,1,1
100445,0,0,0,0
100643,1,1,1,1
100709,0,1,0,0
100715,0,0,0,0
100741,1,0,1,1
100772,1,1,1,1
101103,1,1,1,1
101122,0,0,0,0
101131,0,0,0,0
101438,1,1,1,1
101465,0,1,1,0
101582,1,1,1,1
101599,0,0,0,0
101911,1,1,1,1
101952,1,1,1,1
102006,0,0,0,0
102027,1,1,1,1
102322,1,1,1,1
102344,0,1,1,1
102480,0,0,0,0
102659,0,1,1,1
102682,0,0,0,0
102693,1,1,1,1
102851,0,0,0,0
102997,0,0,0,0
103255,0,1,1,1
103261,0,0,0,0
103272,1,1,1,1
103301,1,1,1,1
103560,1,0,1,1
103679,1,1,1,1
103743,1,1,1,1
103873,0,0,0,0
103967,1,0,1,1
104018,1,1,1,1
104134,0,0,0,0
104141,0,0,0,0
104151,1,1,1,1
104351,0,0,0,0
104370,1,1,1,1
104389,1,1,1,1
104701,1,1,1,1
104866,0,0,0,0
104990,1,0,0,0
105003,1,1,1,1
105105,1,0,1,1
105146,1,1,1,1
105238,0,0,0,0
105311,0,0,0,0
105458,0,0,0,0
105555,1,1,1,1
105564,0,0,0,0
105585,1,1,1,1
105799,1,1,1,1
105891,0,0,0,0
106036,1,1,1,1
106099,0,1,0,0
106111,0,0,0,0
106159,0,0,0,0
106225,0,0,0,0
106290,1,1,1,1
106308,1,1,1,1
106329,0,0,0,0
106366,1,0,0,1
106583,0,0,0,0
106869,0,0,0,0
106991,1,1,1,1
107198,1,1,1,1
107207,0,0,1,1
107239,1,1,0,0
107271,0,0,0,0
107329,1,1,1,1
107388,1,1,1,1
107435,0,0,0,0
107494,1,1,1,1
107500,1,1,1,1
107522,1,0,0,0
107613,0,0,0,0
107765,0,0,0,0
107773,0,0,0,0
107871,0,0,0,0
107875,0,0,0,0
107948,0,0,0,0
108039,1,0,0,0
108088,1,1,1,1
108096,0,0,0,0
108113,1,1,1,1
108237,0,0,0,0
108266,1,1,1,1
108367,1,1,1,1
108370,0,0,0,0
108379,0,0,0,0
108415,0,0,0,0
108564,1,1,1,1
108679,0,0,0,0
108707,1,1,1,1
108819,1,1,1,1
108874,1,1,1,1
108973,0,0,0,0
108987,1,1,1,1
109017,0,0,0,0
109056,1,1,1,1
109111,1,1,1,1
109181,0,0,0,0
109270,0,1,1,1
109379,0,1,0,0
109432,0,0,0,0
109487,1,1,1,1
109708,0,1,1,0
109734,0,0,0,0
110234,1,1,1,1
110454,1,1,1,1
110748,0,0,0,0
110764,0,0,0,0
110816,0,0,0,0
110896,1,1,1,1
110920,0,0,0,0
111262,0,0,0,0
111375,1,1,1,1
111380,0,0,0,0
111488,1,1,1,1
111509,0,0,0,0
111561,0,0,0,0
111578,0,0,0,0
111696,0,0,0,0
111888,0,0,0,0
112024,1,0,1,1
112075,0,1,1,1
112198,1,1,1,1
112259,0,0,0,0
112291,0,0,0,0
112299,0,0,0,0
112502,0,0,0,0
112605,0,0,0,0
112638,1,1,1,1
112696,0,0,0,0
112767,0,0,0,0
112896,1,1,1,1
112996,0,0,0,0
113108,0,0,0,0
113117,0,0,0,0
113224,0,0,0,0
113376,1,1,1,1
113377,0,0,0,0
113543,0,0,0,0
113596,0,0,0,0
113602,1,1,1,1
113621,1,0,0,0
113677,0,0,0,0
113692,0,0,0,0
113834,0,1,1,1
113868,1,0,0,0
113914,0,0,0,0
114083,0,0,0,1
114111,1,1,1,1
114163,1,1,1,1
114385,1,1,1,1
114453,1,1,1,1
114531,0,0,0,0
114689,1,1,1,1
114742,1,0,1,1
114809,1,1,1,1
114995,1,1,1,1
115159,1,1,1,1
115180,0,0,0,0
115256,0,1,1,1
115280,1,1,1,1
115363,0,0,0,0
115395,0,0,0,0
115595,0,0,0,0
115666,1,1,1,1
115679,1,1,1,1
115749,0,0,0,0
115794,0,0,0,0
115866,0,0,0,0
115946,1,1,1,1
116032,0,0,0,0
116149,1,1,1,1
116248,1,1,1,1
116259,0,0,0,0
116325,0,0,0,0
116338,0,0,0,0
116440,1,1,1,1
116500,0,0,0,0
116507,1,1,1,1
116564,0,0,0,0
116751,1,1,0,0
116790,1,0,1,1
116845,1,1,1,1
116932,0,0,0,0
117008,0,0,0,0
117288,1,1,1,1
117318,0,0,0,0
117490,1,1,1,1
117624,0,0,0,0
117690,1,1,1,1
117764,0,0,0,0
117805,0,0,0,0
117806,1,1,1,1
118007,0,0,0,0
118055,0,0,0,0
118164,1,1,1,1
118192,0,1,0,0
118223,1,1,1,1
118334,1,1,1,1
118361,1,1,1,1
118445,0,1,1,1
118698,0,1,1,1
118732,1,1,1,1
118770,0,0,0,0
118829,1,1,1,1
118871,1,1,1,1
118899,1,1,1,1
118942,1,1,1,1
118968,1,1,1,1
119012,0,1,0,0
119092,1,1,1,1
119105,0,0,0,0
119149,0,0,0,0
119150,0,0,1,1
119155,1,1,1,1
119182,0,0,0,0
119269,1,1,1,1
119291,1,1,1,1
119338,0,0,0,0
119482,1,1,1,1
119488,0,0,0,0
119591,0,0,0,0
119830,0,1,1,0
119906,0,0,0,0
120181,1,1,1,1
120457,1,1,1,1
120461,1,0,0,1
120471,0,0,0,0
120683,0,1,1,1
120754,1,1,1,1
120772,0,0,0,0
120793,1,1,1,1
120951,1,0,1,1
121071,1,1,1,1
121263,0,0,0,0
121281,1,1,1,1
121290,1,1,1,1
121343,0,0,0,0
121353,1,1,1,1
121368,0,0,0,0
121399,1,1,1,1
121511,0,0,0,0
121585,1,1,1,1
121645,0,0,0,0
121705,0,0,0,0
121848,0,0,0,0
121937,1,1,1,1
122019,1,1,1,1
122119,0,0,0,0
122177,1,1,1,1
122209,1,1,1,1
122221,1,1,1,1
122377,1,1,1,1
122405,1,1,1,1
122474,1,1,1,1
122507,1,1,1,1
122735,0,1,1,1
122810,1,1,1,1
122937,1,1,1,1
123023,1,1,1,1
123086,0,0,0,0
123121,1,1,1,1
123139,0,0,0,0
123260,0,0,0,0
123282,1,1,1,1
123508,0,0,0,0
123598,0,0,0,0
123911,1,1,1,1
123920,0,0,0,0
124110,1,1,1,1
124280,0,0,0,0
124435,0,0,0,0
124708,1,0,0,0
124782,0,1,0,0
124792,1,1,0,1
124832,0,0,0,0
124839,1,1,1,1
124867,0,0,0,0
124935,0,0,0,0
124991,0,0,0,0
125023,1,1,1,1
125060,1,1,1,1
125211,1,1,1,1
125386,1,1,1,1
125418,1,1,1,1
125433,1,1,1,1
125470,0,0,0,0
125515,1,1,1,1
125626,1,0,0,0
125711,0,0,0,0
125793,1,0,0,0
125861,1,1,1,1
125944,0,0,0,0
125999,1,1,1,1
126117,1,1,1,1
126229,1,1,1,1
126237,1,1,1,1
126402,0,0,0,0
126804,1,1,1,1
126914,1,1,1,1
126923,1,1,1,1
127031,0,0,0,0
127103,0,0,0,0
127121,1,0,1,1
127214,1,1,1,1
127252,1,1,1,1
127296,0,0,0,0
127323,0,0,0,0
127471,1,1,1,1
127521,0,0,0,0
127617,1,1,1,1
127659,0,0,0,0
127725,1,1,1,1
127820,0,0,0,0
127986,0,0,0,0
128047,0,0,0,0
128050,0,0,0,0
128078,1,1,1,1
128269,1,1,1,1
128551,0,0,0,0
128606,1,1,1,1
128804,0,0,0,0
128864,1,1,1,1
128999,0,0,0,0
129059,1,1,1,1
129238,1,1,1,1
129266,0,0,0,0
129445,1,1,1,1
129524,1,1,1,1
129611,0,1,0,0
129839,1,1,1,1
129958,0,0,0,0
129979,0,0,0,0
130338,0,0,0,0
130399,0,0,0,0
130440,1,1,1,1
130552,1,1,1,1
130906,1,1,1,1
130983,0,0,0,0
131226,0,0,0,0
131354,1,1,0,0
131355,0,0,0,0
131362,1,1,1,1
131441,1,0,0,0
131584,0,0,0,0
131685,1,0,1,1
131688,0,0,0,0
131912,0,1,0,0
131914,1,0,1,1
131932,1,1,1,1
132007,0,0,0,0
132012,0,0,0,0
132023,0,0,0,0
132111,0,0,1,1
132137,0,0,0,0
132208,1,1,1,1
132216,0,0,0,0
132288,0,0,0,0
132295,1,1,0,0
132308,0,0,0,0
132352,0,0,0,0
132389,0,0,0,1
132404,1,1,1,1
132502,0,0,0,0
132511,0,0,0,0
132611,1,0,0,1
132613,1,1,1,1
132674,1,1,1,1
132764,0,0,0,0
132773,0,0,0,0
132784,0,1,1,1
132787,0,0,0,0
132870,0,0,0,0
132905,0,0,0,0
132912,1,1,0,1
132956,1,0,1,1
133036,1,1,1,1
133067,1,1,1,1
133087,0,0,0,0
133107,1,1,1,1
133128,1,1,1,1
133172,0,0,0,0
133213,1,1,1,1
133238,1,1,1,1
133357,0,0,0,0
133411,0,0,0,0
133439,0,1,1,1
133450,1,1,1,1
133710,0,0,0,0
133743,0,0,0,0
133775,1,1,1,1
133784,1,1,1,1
133888,0,1,1,1
133904,1,1,1,1
134084,1,0,1,1
134130,1,0,1,1
134151,0,1,0,0
134188,1,1,0,0
134225,1,1,1,1
134605,1,1,1,1
134680,1,1,1,1
134719,1,1,0,0
134746,0,0,0,0
134780,1,1,1,1
134893,1,1,1,1
134937,1,1,1,1
134950,1,1,1,1
134957,0,1,0,0
134982,1,0,1,1
134988,0,0,0,0
135013,1,0,1,1
135042,1,1,1,1
135082,1,1,1,1
135306,0,0,0,0
135559,1,1,1,1
135753,1,1,1,1
135780,0,1,0,1
135859,0,0,0,0
135877,1,1,1,1
135915,0,0,0,0
136071,1,1,1,1
136196,1,1,1,1
136247,1,0,0,0
136312,1,1,1,1
136447,1,1,1,1
136475,0,0,0,0
136533,0,0,0,0
136660,0,0,0,0
136692,1,1,1,1
136718,1,1,1,1
136739,1,1,1,1
136815,1,1,1,1
136840,0,0,0,0
137002,0,0,0,0
137113,0,0,1,1
137114,1,1,0,0
137133,0,0,0,0
137162,1,1,1,1
137230,0,0,0,0
137376,0,0,0,0
137442,1,1,1,1
137460,1,1,1,1
137511,1,0,0,0
137532,0,0,0,0
137560,1,1,1,1
137575,1,1,1,1
137586,1,1,1,1
137883,0,0,0,0
137943,0,0,0,0
137990,0,0,0,0
138299,0,0,0,0
138326,0,1,0,0
138411,1,1,1,1
138476,1,0,0,1
138477,0,0,0,0
138510,1,1,1,1
138609,0,0,0,0
138627,0,0,0,0
138782,0,0,0,0
138877,0,0,0,0
138928,0,0,0,0
139284,1,1,1,1
139337,1,1,1,1
139373,0,0,0,0
139500,1,1,1,1
139632,1,1,1,1
139667,1,1,1,1
139688,0,0,0,0
139768,1,1,1,1
139805,0,0,0,0
140013,0,0,0,0
140051,1,1,1,1
140196,1,1,1,1
140426,1,1,1,1
140473,0,0,0,0
140474,0,1,1,1
140556,1,1,1,1
140597,1,0,1,1
140620,0,0,0,0
140749,0,0,0,0
140981,0,0,0,0
141087,0,0,0,0
141178,0,1,1,1
141205,0,0,0,0
141238,0,0,0,0
141307,0,0,0,0
141470,0,0,0,0
141507,0,0,0,0
141516,0,0,0,0
141619,0,0,0,0
141721,1,1,1,1
141759,0,0,0,0
141779,1,1,1,1
141924,0,0,0,0
142023,0,0,0,0
142082,1,1,1,1
142103,0,0,0,0
142188,1,1,1,1
142220,1,1,1,1
142326,1,1,1,1
142520,1,1,1,1
142543,1,1,1,1
142652,1,1,1,1
142742,0,0,0,0
142821,0,0,0,0
143018,1,1,1,1
143037,1,1,0,0
143040,0,0,0,0
143082,1,1,1,1
143261,1,1,1,1
143324,1,1,1,1
143548,1,1,1,1
143666,1,1,1,1
143754,0,0,0,0
144047,1,0,0,0
144170,0,0,0,0
144641,0,0,0,0
144645,1,1,1,1
144676,0,0,0,0
144745,1,1,1,1
144941,1,1,1,1
144969,1,1,1,1
145124,1,1,1,1
145125,1,1,0,1
145254,0,0,1,1
145275,1,1,1,1
145321,1,1,1,1
145364,1,1,1,1
145393,0,0,0,0
145430,1,1,1,1
145607,0,0,0,0
145634,1,1,1,1
145637,1,1,1,1
145680,0,0,0,0
145825,1,1,1,1
145833,0,0,0,0
146020,0,0,0,0
146086,1,1,1,1
146194,0,0,0,0
146281,0,1,1,1
146427,1,1,1,1
146682,1,0,0,0
146706,0,0,0,0
146899,1,1,1,1
146956,0,0,0,0
146971,0,0,0,0
146982,0,0,0,0
147038,1,1,1,1
147059,1,1,1,1
147202,0,0,0,0
147230,1,1,1,1
147337,1,1,1,1
147369,0,0,0,0
147538,0,0,0,0
147619,0,0,0,0
147659,1,0,0,0
147682,1,1,1,1
147699,1,1,1,1
147830,0,0,0,0
147835,1,1,1,1
147840,0,0,0,0
147871,0,0,0,0
147893,1,1,1,1
147902,0,0,0,0
147924,0,0,0,0
147944,1,1,1,1
148158,0,0,0,0
148225,0,0,0,0
148342,0,0,0,0
148480,0,0,0,0
148682,1,1,1,1
148776,1,1,1,1
148813,0,0,0,0
148946,0,0,0,0
148959,1,0,0,0
148996,0,0,0,0
149120,0,0,0,0
149313,0,0,0,0
149359,0,0,1,0
149443,1,1,1,1
149503,1,1,1,1
149718,0,0,0,0
149799,1,1,1,0
149811,1,1,1,1
149957,1,1,1,1
150099,0,0,0,0
150156,0,0,0,0
150244,0,0,0,0
150272,0,0,0,0
150370,0,0,0,0
150462,0,0,0,0
150465,1,0,0,0
150545,0,0,0,0
150575,1,0,0,0
150592,1,1,1,1
150593,1,1,1,1
150621,0,1,1,1
150631,1,1,1,1
150655,1,1,1,1
150694,1,1,1,1
150755,0,0,0,0
150985,1,1,0,0
151032,0,0,0,0
151134,0,0,0,1
151231,0,0,0,0
151368,1,1,1,1
151501,0,0,0,0
151646,1,1,1,1
151653,1,1,1,1
151752,0,0,0,0
151771,1,1,1,1
151808,1,0,0,1
151918,1,1,1,1
151949,0,0,0,0
152064,0,0,0,0
152139,0,0,0,0
152240,1,1,1,1
152317,0,0,0,0
152375,0,0,0,0
152399,1,0,1,1
152427,0,0,0,0
152532,0,0,0,0
152589,0,0,0,0
152737,0,0,0,0
152817,1,1,1,1
152831,1,1,1,1
152896,0,1,1,1
153000,0,0,0,0
153265,1,1,1,1
153334,0,0,0,0
153452,0,0,0,0
153465,1,0,0,1
153549,0,0,0,0
153599,1,0,0,0
153615,1,1,1,1
153627,0,0,0,0
153639,1,1,1,1
153649,0,0,0,0
153742,0,0,0,0
153912,0,0,0,0
153919,0,0,0,0
153960,0,0,0,0
153962,0,0,0,0
154069,0,1,0,0
154150,1,1,1,1
154176,0,0,0,0
154206,0,0,0,0
154311,1,1,1,1
154336,0,0,0,0
154361,0,1,0,0
154363,1,1,1,1
154364,0,1,0,0
154422,1,1,1,1
154522,0,0,0,0
154542,0,0,0,0
154547,0,0,0,0
154728,1,1,1,1
154757,1,1,1,1
154789,0,0,0,0
154982,0,0,0,0
155068,0,0,0,0
155130,1,1,1,0
155338,0,0,1,0
155343,1,0,0,0
155376,1,1,1,1
155417,0,0,0,0
155508,1,0,1,1
155530,1,1,1,1
155723,0,1,0,0
155821,0,0,0,0
155926,0,1,1,1
156064,0,0,0,0
156119,0,0,1,1
156156,1,1,1,1
156299,1,1,1,1
156360,0,0,0,0
156439,0,0,0,0
156441,0,0,0,0
156475,1,1,0,0
156499,0,0,0,0
156584,0,0,0,0
156593,1,1,1,1
156659,0,1,0,0
156922,0,0,0,0
156933,0,0,0,0
157107,0,0,0,0
157161,0,0,0,0
157203,0,0,0,0
157299,1,1,1,1
157366,0,1,1,1
157549,1,1,1,1
157593,0,0,0,0
157599,0,0,0,0
157879,1,1,1,1
157924,1,1,1,1
157987,0,0,0,0
157988,0,0,0,0
158163,0,0,0,0
158175,0,0,0,0
158418,0,0,0,0
158430,1,1,1,1
158480,1,1,1,1
158556,0,0,0,0
158625,0,0,0,0
158736,0,0,0,0
158773,1,1,1,1
158779,0,0,0,0
158863,0,0,0,0
158937,1,1,1,1
159003,1,0,1,1
159028,0,0,0,0
159092,0,0,0,0
159294,0,0,1,1
159471,0,0,0,0
159558,1,1,1,1
159722,0,0,1,1
159772,0,0,0,0
159793,0,0,0,0
159878,1,1,1,1
159945,1,0,0,0
159951,1,1,1,1
160008,0,0,0,0
160069,0,0,0,0
160290,1,0,0,0
160301,0,0,0,0
160392,1,1,1,1
160413,0,0,0,0
160476,1,0,0,0
160478,1,1,1,1
160492,0,0,0,0
160593,1,0,1,1
160609,0,0,0,0
160726,0,0,0,0
160816,1,1,1,1
160846,1,1,1,1
160901,0,0,0,0
160917,1,1,1,1
161006,1,1,1,1
161026,1,1,1,1
161063,1,0,0,0
161069,1,1,1,1
161093,0,0,0,0
161170,0,0,0,0
161330,0,0,0,1
161389,1,1,1,1
161391,1,1,1,1
161434,1,1,1,1
161484,1,0,0,0
161587,0,0,0,0
161594,1,1,1,1
161621,0,0,0,0
161647,1,1,1,1
161719,1,1,1,1
161731,1,1,1,1
161738,1,1,1,1
161779,1,1,1,1
161899,1,1,1,1
162030,1,1,1,1
162115,0,0,0,0
162154,1,1,1,1
162171,0,1,1,1
162328,0,0,0,0
162401,1,1,1,1
162419,0,0,0,0
162676,0,0,0,0
162788,1,1,1,1
162902,1,1,1,1
162918,0,0,0,0
162944,1,1,1,1
163033,1,0,0,0
163211,1,1,1,1
163217,1,0,0,0
163268,0,0,0,0
163332,1,1,1,1
163357,1,1,1,1
163411,0,0,0,0
163428,0,0,0,0
163515,0,0,0,0
163591,0,1,0,0
163652,0,0,0,0
163779,1,1,1,1
163788,1,1,1,1
163821,1,1,1,1
163910,1,1,1,1
163973,1,1,0,1
164030,0,0,0,0
164136,1,1,1,1
164255,0,0,1,1
164465,0,0,0,0
164576,1,1,1,1
164601,0,0,0,0
164603,0,0,0,0
164692,1,1,0,0
164735,1,1,1,1
164846,0,0,0,0
164863,0,0,0,0
165040,0,0,0,0
165107,1,1,1,1
165210,0,0,0,0
165371,0,0,0,0
165399,0,0,0,0
165450,0,0,0,0
165458,0,1,0,0
165466,1,1,1,1
165540,1,1,1,1
165689,1,0,0,0
165746,0,0,0,0
165894,1,1,1,1
166122,1,1,1,1
166199,1,0,0,0
166506,1,1,1,1
166671,1,1,1,1
166680,1,1,1,1
166754,0,0,0,0
166757,0,0,0,0
166814,0,0,0,0
166907,1,1,1,1
167055,1,1,1,1
167159,0,0,0,0
167194,1,0,1,1
167204,0,0,0,0
167283,1,1,1,1
167297,0,0,0,0
167309,1,1,1,1
167323,0,0,0,0
167328,1,1,0,0
167434,1,1,1,1
167689,0,0,0,0
167731,1,1,1,1
167850,1,1,1,1
167887,1,1,1,1
168047,0,0,0,0
168202,0,0,0,0
168205,0,0,0,0
168359,1,0,0,0
168424,1,1,1,1
168595,1,1,1,1
168605,0,0,0,0
168610,1,1,1,1
168698,0,0,0,0
168721,0,0,0,0
168741,1,1,0,1
168762,1,1,1,1
168813,1,1,0,0
168827,1,1,1,1
168925,1,0,0,0
168953,1,1,1,1
168973,1,1,1,1
169052,1,1,1,0
169191,1,0,1,1
169304,0,0,0,0
169311,1,1,1,1
169341,1,1,1,1
169460,1,1,1,1
169579,0,0,0,0
169642,0,0,0,0
169701,0,0,0,0
169875,1,0,0,1
169953,0,1,1,1
169983,1,1,1,1
170134,0,0,0,0
170177,1,1,1,1
170193,1,1,1,1
170201,0,1,1,1
170215,0,0,0,0
170262,0,1,1,1
170287,1,0,0,0
170330,0,0,0,0
170331,0,0,0,0
170475,1,1,1,1
170489,0,0,0,0
170515,0,0,0,0
170774,0,0,0,0
170925,1,1,1,1
170932,0,0,0,0
171023,0,0,0,0
171228,0,0,0,0
171326,1,0,0,0
171400,1,1,1,1
171427,0,0,0,1
171463,0,0,0,0
171468,1,1,1,1
171520,0,0,0,0
171557,1,1,1,1
171609,1,0,1,1
171698,0,0,0,0
171809,1,1,1,1
172068,1,1,1,1
172130,0,0,0,0
172200,0,0,0,0
172204,0,0,0,0
172215,1,1,1,1
172236,1,1,1,1
172356,0,0,0,0
172412,1,1,1,1
172444,0,0,0,0
172452,1,1,1,1
172489,1,1,1,1
172583,0,0,0,0
172641,1,1,1,1
172665,0,0,0,0
172836,1,1,1,1
172850,0,0,0,0
172863,0,0,0,0
173056,0,0,1,1
173076,1,1,1,1
173311,0,0,0,0
173378,0,0,0,0
173380,0,0,0,0
173477,0,0,1,0
173494,0,0,0,0
173502,1,1,1,1
173556,1,1,1,1
173763,0,0,0,0
173776,0,0,0,0
173918,0,0,0,0
173938,1,1,1,1
173975,0,0,1,0
174084,1,1,1,1
174119,1,1,1,1
174152,1,0,1,1
174249,1,1,1,1
174416,1,1,1,1
174457,0,0,0,0
174483,1,1,1,1
174568,1,1,1,1
174601,0,0,0,1
174619,1,1,1,1
174705,0,0,0,0
174815,1,1,1,1
174888,1,1,1,1
174920,1,0,1,0
174922,0,0,0,0
174984,1,1,1,1
175080,1,1,1,1
175114,1,1,1,1
175120,1,0,0,0
175253,0,0,0,0
175457,1,1,1,1
175532,0,0,0,0
175546,0,0,0,0
175616,0,1,0,1
175618,1,1,1,1
175943,1,1,1,1
176033,1,1,1,1
176088,1,1,1,1
176101,1,1,0,0
176201,1,1,1,1
176425,0,1,1,1
176493,1,1,1,1
176556,0,0,0,0
176656,1,1,1,1
176659,1,1,1,1
176696,0,0,0,0
176779,0,0,0,0
176925,1,1,1,1
176978,1,1,1,1
176989,1,1,1,1
177031,1,1,1,1
177054,1,1,1,1
177072,0,0,0,0
177145,0,0,0,0
177167,0,0,0,0
177213,1,0,1,1
177255,0,0,0,0
177282,0,1,0,0
177361,0,0,0,0
177527,1,1,1,1
177622,1,1,1,1
177780,1,1,1,1
177798,0,0,0,0
177885,1,0,1,1
177907,1,1,1,1
178010,1,1,1,1
178022,0,0,0,0
178094,0,0,0,0
178255,0,0,0,0
178535,0,0,0,0
178558,0,0,0,0
178696,0,0,0,0
178805,1,1,1,1
178838,0,0,0,0
179061,0,0,0,0
179283,1,0,1,1
179507,1,1,1,1
179549,0,0,0,0
179626,1,1,1,1
179783,1,1,1,1
179808,1,1,1,1
180159,1,0,1,1
180190,0,0,0,0
180272,0,0,0,0
180318,1,1,1,0
180452,1,1,1,1
180598,0,0,0,0
180728,1,1,1,1
180731,1,1,1,1
180733,1,1,1,1
180979,0,0,0,0
181011,0,0,0,0
181020,1,0,0,0
181130,0,0,0,0
181237,1,1,1,1
181276,1,1,1,1
181310,1,1,1,1
181338,1,0,0,0
181400,0,0,0,0
181450,0,0,0,0
181617,1,1,1,1
181732,1,1,1,1
181795,0,0,0,0
181800,0,0,0,0
181802,1,1,1,1
181973,1,1,1,1
182132,1,1,1,1
182165,1,1,1,1
182293,1,1,1,1
182310,0,0,0,0
182616,1,1,1,1
182820,1,1,1,1
182898,1,1,1,1
182930,1,1,1,1
183075,0,0,0,0
183113,0,0,0,0
183150,0,0,0,0
183236,1,1,1,1
183318,1,0,0,1
183376,1,0,0,0
183378,0,0,0,0
183414,0,0,0,0
183444,0,0,0,0
183454,0,1,1,1
183479,1,1,1,1
183575,1,1,1,1
183648,1,1,1,1
183704,0,0,0,0
183725,0,1,0,0
183739,1,0,1,1
183800,0,0,0,0
183811,1,1,1,1
183889,0,0,0,0
184001,1,1,1,1
184096,0,0,0,0
184234,1,1,1,1
184251,0,0,0,0
184300,0,0,0,0
184320,1,1,0,1
184381,0,0,0,0
184422,0,0,0,0
184555,0,0,0,0
184576,0,0,0,0
184663,0,0,0,0
184674,1,1,1,1
184727,0,0,0,0
184759,0,0,0,0
184904,0,0,0,0
185114,1,1,1,1
185242,1,1,1,1
185314,1,1,1,1
185329,0,0,0,0
185450,1,1,1,1
185488,0,1,0,0
185634,1,1,1,1
185717,1,1,1,1
186162,1,1,1,1
186295,0,0,0,0
186456,0,0,0,0
186470,0,0,0,0
186609,1,0,1,1
186694,0,0,0,0
186733,0,0,0,0
186767,1,1,1,1
186774,0,0,0,0
186827,0,0,0,0
186860,0,1,1,1
186950,1,1,1,1
186979,1,1,1,1
187074,0,0,0,0
187138,1,1,1,1
187240,1,1,1,1
187262,0,0,0,0
187307,1,1,1,1
187440,0,0,0,0
187524,0,0,0,0
187623,0,0,0,0
187624,0,0,0,0
187651,0,0,0,0
187681,0,0,0,0
187812,0,0,0,0
188148,0,0,0,0
188158,1,0,1,1
188382,1,1,1,1
188531,0,0,0,0
188565,0,0,0,0
188794,1,1,1,1
188934,1,1,1,1
189034,0,0,0,0
189152,1,1,1,1
189222,0,0,0,0
189526,1,1,1,1
189634,0,0,0,0
189684,1,1,1,1
189862,1,1,1,1
189888,1,1,1,1
189919,0,0,0,0
190043,1,1,1,1
190104,1,1,1,1
190158,0,0,0,0
190288,0,0,0,0
190299,1,1,1,1
190373,0,0,0,0
190447,0,0,0,0
190756,1,1,1,1
190792,0,0,0,0
190833,0,0,0,0
190854,1,1,1,1
190890,0,0,0,0
191466,1,1,1,1
191529,1,0,1,1
191564,1,1,1,1
191597,1,1,1,1
191703,0,0,0,0
191721,0,0,0,0
191748,0,0,0,0
191875,0,0,0,0
191930,1,1,1,1
191940,1,1,0,0
192118,0,0,0,0
192144,0,0,0,0
192266,0,0,1,1
192349,1,1,1,1
192425,0,0,0,0
192462,0,0,0,0
192528,1,1,1,1
192603,1,1,1,1
192636,1,1,1,1
192731,1,1,1,1
192779,1,0,1,1
192840,0,0,0,0
192945,1,1,1,1
193247,0,0,0,0
193442,1,0,0,0
193466,1,0,0,0
193686,0,0,0,0
193757,1,0,0,1
193783,1,1,1,1
193875,0,1,1,1
193929,1,1,1,1
194142,1,1,1,1
194556,1,1,1,1
194612,0,0,0,0
194625,1,1,1,1
194660,1,1,1,1
194710,0,0,0,0
194845,0,0,0,0
195118,1,1,1,1
195144,0,0,0,0
195287,1,1,1,1
195321,1,1,1,1
195387,0,0,0,0
195442,1,1,1,1
195476,1,1,1,1
195605,1,1,1,1
195680,0,0,0,0
195745,1,0,0,0
195765,0,0,0,0
195770,0,0,0,0
196083,1,1,1,1
196110,1,1,1,1
196117,1,1,1,1
196166,1,1,1,1
196427,1,1,1,1
196435,0,0,0,0
196593,1,1,1,1
196600,1,1,1,1
196646,0,0,0,0
196797,0,0,0,0
196832,1,1,1,1
196835,1,1,1,1
196900,1,1,1,1
196907,1,0,1,1
196979,0,0,0,0
196993,0,0,0,0
197074,1,0,0,0
197115,1,1,1,1
197116,0,0,0,0
197136,0,0,0,0
197149,0,0,0,0
197253,1,1,1,1
197299,1,1,1,1
197353,1,1,1,1
197425,0,0,0,0
197466,1,1,1,1
197617,1,1,1,1
197750,1,0,1,1
197781,1,1,1,1
197785,1,1,1,1
197958,0,0,0,0
197964,0,0,0,0
198173,1,1,1,1
198258,0,1,1,1
198288,0,0,1,1
198406,1,1,1,1
198414,1,1,1,1
198483,0,0,0,0
198607,1,1,1,1
198839,1,1,1,1
198845,1,1,1,0
198880,1,1,1,1
198897,1,1,1,1
199117,1,1,1,1
199131,0,0,0,0
199148,1,0,1,0
199202,0,0,0,0
199408,0,0,0,0
199613,0,0,0,0
199747,0,0,0,0
199767,0,0,0,0
199823,1,1,1,1
199848,0,0,0,0
199891,1,1,1,1
199942,1,1,1,1
199954,1,1,1,1
199984,1,1,1,1
200097,0,0,0,0
200204,0,0,0,0
200262,0,0,0,0
200333,0,0,0,0
200438,0,0,0,0
200538,0,0,0,0
200587,0,0,0,0
200761,1,1,1,1
200802,0,0,0,0
200837,1,1,1,1
200870,1,1,1,1
200891,1,1,1,1
201171,1,1,1,1
201321,0,0,0,0
201420,1,1,1,1
201432,0,0,0,0
201443,0,0,0,0
201598,1,0,1,1
201611,0,0,0,0
201698,0,0,0,0
201758,0,0,0,0
201872,0,0,0,0
201893,0,0,0,0
201973,0,0,0,0
202034,0,0,0,0
202092,0,0,0,0
202105,0,1,1,1
202135,1,1,1,0
202184,0,0,0,0
202234,0,0,0,0
202301,1,1,1,1
202457,1,1,1,1
202547,0,0,0,0
202578,1,1,1,1
202725,0,0,0,0
202818,0,0,0,0
202849,0,0,0,0
202960,0,0,0,0
203480,0,0,0,0
203580,1,0,0,0
203595,1,1,1,1
203668,0,0,0,0
203688,0,0,0,0
203705,0,0,0,0
203766,0,0,0,0
203806,1,1,1,1
203843,1,1,1,1
203862,0,0,0,0
204063,1,1,1,1
204111,1,1,1,1
204134,0,0,1,1
204147,1,1,1,1
204160,1,1,1,1
204221,1,1,1,1
204357,1,1,1,1
204389,1,1,1,1
204412,1,1,1,1
204500,0,0,0,0
204589,0,0,0,0
204612,1,1,0,0
204619,0,0,0,0
204741,1,1,1,1
204994,1,1,1,1
205054,1,1,1,1
205113,0,0,0,0
205115,1,1,1,1
205171,1,1,1,1
205344,1,1,1,1
205373,0,0,0,0
205399,0,0,0,0
205541,1,1,1,1
205624,0,0,0,0
205639,0,0,0,0
205678,1,1,1,1
205692,0,0,0,0
205770,0,0,0,0
205807,1,1,1,1
205838,1,1,1,1
205916,1,1,1,1
205959,0,0,0,0
205962,0,1,1,1
206079,0,0,0,0
206107,0,0,0,0
206118,0,0,0,0
206142,0,0,0,0
206204,0,0,0,0
206233,1,1,1,1
206260,1,1,1,1
206656,1,1,1,1
206715,1,1,1,1
206729,0,0,0,0
206792,0,1,1,1
206889,0,0,0,0
207079,0,0,0,0
207140,0,0,0,0
207149,0,0,0,0
207160,0,0,0,0
207199,0,0,0,0
207281,0,0,0,0
207371,0,0,1,1
207444,0,0,1,1
207515,1,1,1,1
207538,1,1,1,1
207661,0,1,1,1
207673,0,0,0,0
207808,1,1,1,1
207868,1,1,1,1
207920,1,1,1,1
207995,1,1,0,0
208051,0,0,0,0
208201,0,1,1,1
208232,0,0,0,0
208247,0,0,0,0
208249,0,1,1,1
208257,0,0,0,0
208314,1,1,1,1
208638,1,1,1,1
208937,0,0,0,0
209031,0,0,0,0
209169,1,0,0,0
209196,1,1,1,1
209273,0,0,0,0
209275,0,0,0,0
209520,0,1,0,0
209542,0,0,0,0
209566,1,1,1,1
209596,0,0,0,0
209671,0,0,0,0
209693,1,1,1,1
209818,0,0,0,0
209878,0,0,0,0
209904,1,1,1,1
209912,0,0,0,0
210069,0,0,0,0
210091,1,1,1,1
210121,0,0,0,0
210204,1,1,1,1
210305,1,1,1,1
210334,0,0,0,0
210422,1,1,1,1
210646,1,0,1,1
210659,0,0,0,0
210803,1,1,1,1
210831,1,1,1,1
210849,0,1,1,1
210861,1,1,1,1
210960,0,0,0,0
211093,0,0,0,0
211426,0,0,0,0
211435,1,1,1,1
211626,0,0,0,0
211680,1,1,1,1
211797,0,1,1,1
211838,1,1,1,1
211938,1,1,1,1
212079,1,0,0,0
212111,0,0,0,0
212139,0,0,0,0
212304,1,1,1,1
212443,0,0,0,0
212531,0,0,0,0
212542,1,1,1,1
212706,1,1,1,1
212761,0,0,0,0
212772,1,1,1,1
212791,0,0,0,0
212855,1,1,1,1
212894,1,1,1,1
212967,1,1,1,1
212984,1,1,0,0
213083,0,0,0,0
213206,1,1,1,1
213344,0,0,0,0
213402,1,1,1,1
213620,1,1,1,1
213646,0,0,0,0
213660,1,0,0,0
213775,0,0,0,0
214025,0,0,0,0
214085,0,0,0,0
214267,1,1,1,1
214284,1,1,1,1
214333,0,0,0,0
214342,1,1,1,1
214363,0,0,0,0
214418,0,1,1,1
214737,0,0,0,0
214791,1,1,1,1
214839,0,0,0,0
215009,1,1,1,1
215024,1,1,1,1
215089,1,1,1,1
215127,1,1,1,1
215132,1,0,0,0
215154,0,0,0,0
215255,0,0,0,0
215296,1,1,1,1
215323,1,1,1,1
215421,1,1,1,1
215480,0,0,0,0
215592,0,0,0,0
215603,1,1,1,1
215672,0,0,1,0
216012,1,1,1,1
216186,0,0,0,0
216292,0,0,0,0
216422,1,1,1,1
216762,0,0,0,0
216833,1,1,1,1
216856,1,1,1,1
216901,0,0,0,0
216937,0,0,0,0
216958,0,0,0,0
217055,1,1,1,1
217148,1,1,1,1
217149,0,0,0,0
217295,1,1,1,1
217324,1,1,1,1
217451,1,1,1,1
217562,0,0,0,0
217727,1,1,1,1
217765,1,1,1,1
217887,1,1,1,1
217960,1,1,0,0
218226,0,0,0,0
218244,1,1,1,1
218279,0,1,0,0
218404,1,1,1,1
218438,0,0,0,0
218705,1,1,1,1
218732,0,0,0,0
218786,0,0,0,0
218797,0,0,0,0
218819,0,0,0,0
218853,1,1,1,1
218862,0,1,0,1
218865,0,1,1,1
218966,1,1,1,1
219022,0,0,0,0
219065,1,1,1,1
219081,0,1,0,1
219100,0,0,1,1
219321,1,1,1,1
219350,1,1,1,1
219353,1,1,1,1
219360,1,1,1,1
219540,0,0,0,0
219616,0,0,0,0
219626,0,0,0,0
219635,1,1,1,1
219710,0,1,1,1
219891,0,0,0,0
220001,0,0,0,0
220092,0,0,0,0
220261,0,0,0,0
220542,1,1,1,1
220561,0,0,0,0
220572,1,0,0,0
220576,0,1,1,1
220631,0,0,0,0
220639,0,0,0,0
220690,1,1,1,1
220765,0,1,0,0
220849,0,0,0,0
220885,0,0,0,0
220895,1,1,1,1
220943,0,0,0,0
221049,0,0,0,0
221113,1,0,0,0
221166,1,1,1,1
221182,0,0,0,0
221236,1,1,1,1
221351,0,0,0,0
221388,1,1,1,1
221527,0,0,0,0
221532,0,0,0,0
221582,1,1,0,0
221587,0,0,0,0
221665,1,1,1,1
221705,0,0,0,0
221868,0,0,0,0
222078,1,1,1,1
222120,1,1,1,1
222211,1,1,1,1
222287,1,1,1,1
222299,1,1,1,1
222310,1,1,1,1
222374,1,0,0,0
222576,1,1,1,1
222816,1,1,1,1
222932,0,0,0,0
223026,0,0,0,0
223109,1,1,1,1
223120,1,1,1,1
223126,1,1,1,1
223312,0,0,0,0
223404,0,0,0,0
223406,0,0,0,0
223517,0,0,0,0
223534,0,0,0,0
223555,1,1,1,1
223598,1,1,1,1
223672,0,0,0,0
223801,1,1,1,1
223966,0,0,0,0
224050,0,0,0,0
224203,1,1,1,1
224220,1,1,1,1
224450,0,0,0,0
224522,0,1,1,1
224661,1,1,1,1
224718,0,0,0,0
224778,0,0,0,0
224823,1,1,1,1
224889,1,1,1,1
224944,1,1,1,1
224967,0,0,0,0
225087,1,1,1,1
225209,1,1,1,1
225221,1,1,1,1
225274,0,0,0,0
225323,1,1,1,1
225387,1,1,1,1
225469,1,1,1,1
225513,0,1,1,1
225543,0,0,0,0
225582,0,0,0,0
225585,0,0,0,0
225721,0,0,0,0
225733,0,0,0,0
225826,1,1,1,1
225900,0,0,0,1
226021,1,1,0,0
226048,0,0,0,0
226268,1,1,1,1
226273,1,1,1,1
226531,1,1,1,1
226593,0,0,0,0
226681,0,0,0,0
226718,1,1,1,1
226823,1,0,1,1
226890,0,0,0,0
226929,0,0,0,0
226938,0,0,0,0
226941,1,1,1,1
227273,1,1,1,1
227286,1,0,0,0
227580,0,0,0,0
227726,1,1,1,1
227803,0,1,0,0
228000,1,1,1,1
228015,1,1,1,1
228028,0,1,1,1
228034,0,0,1,1
228051,0,0,0,0
228075,1,1,1,1
228077,1,1,1,1
228120,1,1,1,1
228124,1,1,1,1
228172,1,1,1,1
228231,1,0,0,0
228303,0,0,0,0
228323,1,0,1,1
228347,1,1,1,1
228411,0,0,0,0
228567,1,1,1,1
228745,0,0,0,0
228866,0,0,0,0
229008,0,1,1,1
229113,0,0,0,0
229148,1,1,1,1
229151,0,0,0,0
229348,0,0,0,0
229374,1,1,1,1
229383,0,0,0,0
229399,1,1,1,1
229433,1,1,1,1
229443,1,1,1,1
229620,0,0,0,0
229644,0,0,0,0
229714,0,0,0,0
229810,1,1,0,0
229869,0,1,1,1
229903,0,1,1,1
229910,1,1,1,1
229971,0,0,0,0
230153,1,1,1,1
230167,1,1,1,1
230189,0,0,0,0
230191,0,0,1,1
230212,1,1,1,1
230472,0,0,0,0
230600,0,1,1,1
230626,1,1,1,1
230738,1,1,1,1
230890,1,1,1,1
230931,1,1,1,1
230940,1,1,1,1
231035,1,1,1,1
231051,0,0,0,0
231073,0,0,0,0
231101,0,0,0,0
231171,1,1,1,1
231223,1,1,1,1
231224,1,1,1,1
231377,1,1,1,1
231392,1,1,1,1
231647,0,0,0,0
231759,1,1,1,1
231782,0,0,0,0
231931,0,1,1,1
232011,0,0,0,0
232028,1,1,1,1
232092,1,1,1,1
232181,0,0,0,0
232195,0,0,0,0
232379,0,0,0,0
232400,0,0,0,0
232454,1,1,1,1
232544,1,1,1,1
232643,0,0,0,0
232647,1,0,1,1
232659,1,0,0,0
232725,0,0,0,0
232888,1,1,1,1
232908,1,1,1,1
232931,1,1,1,1
233000,0,0,0,0
233071,0,0,0,0
233108,1,1,1,1
233195,1,1,1,1
233208,1,0,1,1
233280,0,0,0,0
233331,1,1,0,0
233414,0,0,0,0
233514,1,1,1,1
233534,0,0,0,0
233615,1,0,1,1
233827,0,0,0,0
233836,1,1,1,1
233874,1,0,1,1
233983,1,1,1,1
234038,1,1,1,1
234170,1,1,1,1
234299,1,1,1,1
234326,0,0,0,0
234367,1,1,1,1
234404,0,0,0,0
234405,0,0,0,0
234440,1,0,0,0
234485,1,1,1,1
234555,0,0,0,0
234640,1,1,1,1
234722,0,0,0,0
234750,0,0,0,0
234940,0,0,0,0
235017,1,1,1,1
235038,1,0,0,0
235125,1,1,1,1
235149,0,0,0,0
235170,0,0,0,0
235188,0,0,0,0
235208,1,1,1,1
235211,0,0,0,0
235393,0,0,0,0
235429,1,1,1,1
235531,0,0,0,0
235697,0,0,0,1
235710,0,0,0,0
235742,1,1,1,1
235746,0,0,0,0
235786,0,0,0,0
235976,0,0,0,0
236121,1,1,1,1
236146,0,0,0,0
236154,1,1,1,1
236209,1,1,1,1
236226,1,1,1,1
236233,0,0,0,0
236331,1,1,1,1
236521,1,1,1,1
236615,1,1,1,1
236696,1,1,1,1
236717,0,0,0,0
236823,1,1,1,1
236904,1,1,0,0
237063,0,0,0,0
237084,1,0,1,0
237356,1,1,1,1
237437,0,0,0,0
237446,1,1,1,1
237512,1,1,1,1
237533,1,1,1,1
237666,1,1,1,1
237667,0,0,1,1
237673,1,1,1,1
237694,0,1,1,1
237714,1,1,1,1
237905,0,0,0,0
237911,0,0,0,0
237927,1,0,0,1
237929,0,0,0,0
237939,1,1,1,1
238297,0,0,0,0
238389,0,0,0,0
238486,0,0,0,0
238514,1,1,1,1
238523,1,1,1,1
238570,0,0,0,0
238644,1,1,1,1
238803,1,1,1,1
238823,1,1,1,1
238836,1,1,1,1
238890,0,0,0,0
238982,1,1,1,1
239013,0,0,0,0
239154,0,0,0,0
239157,1,1,1,1
239434,1,1,1,1
239507,1,1,1,1
239527,0,0,0,0
239567,0,0,0,0
239721,0,0,0,0
240135,0,0,1,0
240242,0,0,0,0
240257,0,0,0,0
240274,0,1,0,0
240378,0,0,0,0
240428,1,1,1,1
240500,0,0,0,0
240683,1,1,1,1
240687,1,1,1,1
240725,1,1,1,1
240766,1,1,1,1
240824,1,1,1,1
241012,0,0,0,0
241050,0,0,0,0
241089,1,1,1,1
241143,0,0,0,0
241230,0,0,0,0
241296,0,1,1,1
241417,1,1,1,1
241606,1,0,0,0
241815,1,1,1,0
241887,1,1,1,1
241911,1,1,1,1
241970,1,1,1,1
242020,0,0,0,0
242026,1,1,1,1
242083,1,0,1,1
242127,0,1,0,1
242161,0,1,0,0
242377,0,0,0,0
242380,1,0,1,1
242383,1,1,1,1
242558,1,1,1,1
242584,1,1,1,1
242787,1,1,1,1
242795,0,1,1,1
242913,1,1,1,1
242950,1,1,1,1
242951,1,1,1,1
242966,1,1,1,1
242984,1,1,1,1
243081,0,1,1,1
243129,0,0,0,0
243143,0,0,0,0
243329,1,1,1,1
243339,0,0,0,0
243360,0,0,0,0
243455,0,1,0,0
243465,0,0,0,0
243479,1,1,1,1
243514,0,0,0,0
243516,1,1,1,1
243549,0,0,0,0
243596,1,1,1,1
243628,0,0,0,0
243701,1,1,1,1
243777,1,1,0,0
243808,1,0,0,0
244109,0,0,0,0
244221,1,0,0,0
244369,1,1,1,1
244401,1,1,1,1
244532,0,1,0,1
244630,1,1,1,1
244681,0,0,0,0
244842,0,1,0,0
244999,0,0,0,0
245118,1,1,1,1
245127,0,0,0,0
245319,0,0,0,0
245330,0,1,1,1
245435,0,0,0,0
245443,0,0,0,0
245610,0,0,0,0
245747,1,1,1,1
245923,0,0,0,0
245941,1,1,1,1
246141,1,1,1,1
246331,0,0,0,0
246412,0,0,0,0
246427,1,0,0,0
246504,1,1,0,0
246656,0,0,0,0
246683,1,0,1,1
246690,0,0,0,0
246802,1,1,1,1
246850,0,0,0,0
247052,1,1,1,1
247147,1,1,1,1
247258,1,1,1,1
247346,1,1,1,1
247399,1,0,1,1
247421,1,1,1,1
247440,1,1,1,1
247517,0,0,0,0
247544,0,0,0,0
247715,0,1,1,1
247855,0,0,0,0
247871,0,0,0,0
247953,1,1,1,1
248346,1,1,1,1
248356,1,1,1,1
248480,1,1,1,1
248496,1,1,1,1
248504,1,1,1,1
248593,1,1,1,1
248654,0,0,0,0
248733,1,1,1,1
248735,1,1,1,1
248745,1,1,1,1
248771,1,1,1,1
248772,0,0,0,0
248819,1,1,1,1
249104,0,0,0,0
249114,0,0,0,0
249502,1,1,1,1
249585,1,1,1,1
249602,1,1,1,1
249675,0,0,0,0
249757,0,0,0,0
249850,0,0,0,0
249926,1,0,0,0
249957,0,0,0,0
250239,1,1,1,1
250302,1,1,1,1
250367,1,1,1,1
250566,1,1,1,1
250684,0,0,0,0
250747,0,0,0,0
250811,1,1,1,1
250887,1,1,1,1
250953,1,1,1,1
250986,0,0,0,0
251031,1,1,1,1
251033,1,0,1,1
251050,1,0,0,0
251153,1,1,1,1
251209,0,0,0,0
251239,0,0,0,0
251819,0,0,0,0
251822,0,0,1,1
251907,0,0,0,0
252179,1,1,1,1
252278,1,0,0,0
252284,1,1,1,1
252310,1,1,1,1
252384,1,1,1,1
252421,1,1,1,1
252512,1,1,1,1
252695,0,1,1,0
252873,1,1,1,1
252952,1,1,1,1
252981,1,1,1,1
253088,0,0,0,0
253096,1,1,1,1
253120,0,0,0,0
253368,0,0,0,0
253459,0,0,0,0
253464,1,1,1,1
253567,1,1,1,1
253981,1,1,1,1
254051,1,1,1,1
254173,0,0,0,0
254228,1,0,1,1
254251,0,0,0,0
254274,0,0,0,0
254376,1,0,1,1
254407,0,0,0,0
254437,0,0,0,0
254445,0,0,0,0
254516,1,1,1,1
254632,1,1,1,1
254645,0,0,0,0
254667,0,0,0,0
254668,0,1,1,1
254744,0,0,0,0
254895,1,1,1,1
255019,1,1,1,1
255030,1,1,1,1
255047,0,0,0,0
255117,0,0,0,0
255138,1,1,1,1
255181,1,1,1,1
255182,1,1,1,1
255193,0,0,0,0
255218,0,0,0,0
255241,0,1,0,0
255242,1,1,1,1
255296,0,0,0,0
255420,1,1,1,1
255422,0,0,0,0
255486,0,0,0,0
255589,1,1,1,1
255602,1,1,1,1
255660,0,0,0,0
255853,1,1,1,1
256029,0,0,0,0
256116,0,0,0,0
256231,1,0,1,0
256469,1,0,1,1
256485,1,1,1,1
256565,0,0,0,0
256590,1,1,1,1
256607,0,0,0,0
256768,0,0,0,0
256815,1,1,1,1
256895,0,0,0,0
256991,1,1,1,1
257073,1,1,1,1
257124,1,1,1,1
257225,1,0,1,1
257475,1,1,1,1
257494,0,0,0,0
257530,0,0,0,0
257693,1,1,1,1
257709,0,0,0,0
257826,0,0,0,0
257903,1,1,1,1
258023,0,0,0,0
258071,1,1,1,1
258106,1,1,1,1
258222,1,0,0,0
258359,1,1,1,1
258459,0,0,0,0
258540,1,0,1,1
258609,1,1,1,1
258697,0,0,0,0
258744,1,0,0,0
258787,0,0,0,0
258790,1,1,1,1
258873,1,1,1,1
258897,0,0,1,1
258957,1,1,1,1
259013,0,0,0,0
259028,0,0,0,0
259036,0,0,0,0
259042,1,1,1,1
259100,1,1,1,1
259255,0,0,0,0
259412,1,1,1,1
259418,1,1,1,1
259485,0,0,0,0
259568,1,1,1,1
259657,0,0,0,0
259771,0,0,0,0
259930,1,1,1,1
259937,0,0,0,0
260057,0,0,0,0
260242,0,1,1,1
260526,1,1,1,1
260644,0,0,0,0
260682,0,0,0,0
260767,1,0,1,1
260821,1,1,1,1
260830,1,1,0,0
260911,0,0,0,0
260963,0,0,0,0
261183,1,1,1,1
261203,1,1,1,1
261233,1,1,1,1
261347,0,0,0,0
261483,0,0,0,0
261613,0,0,0,0
261654,0,1,0,0
261686,0,0,0,0
261865,0,0,0,0
261907,0,0,1,1
261922,0,0,0,0
261977,0,0,0,0
262110,1,0,0,0
262123,1,1,1,1
262163,0,0,0,0
262189,1,1,1,1
262391,0,0,0,0
262422,1,1,1,1
262486,0,0,0,0
262548,0,0,0,0
262605,1,1,1,1
262869,0,0,0,0
262921,1,1,0,0
262934,1,1,1,1
263066,1,1,1,1
263101,1,1,1,1
263186,1,1,1,1
263454,0,0,0,0
263467,0,0,0,0
263470,0,0,0,0
263739,0,0,0,0
263756,1,1,1,1
263987,0,0,1,1
264097,0,0,0,0
264121,0,0,0,0
264357,1,1,1,1
264369,1,1,1,1
264469,1,1,1,1
264717,1,0,1,1
264760,0,0,0,0
264770,0,0,0,0
264789,0,0,0,0
264830,1,1,1,1
264875,0,0,0,0
265103,0,0,0,0
265208,1,1,1,1
265252,1,0,0,0
265253,1,1,1,1
265257,0,0,0,0
265298,1,1,1,1
265308,0,0,0,0
265330,0,0,0,0
265383,1,1,1,1
265502,0,1,0,0
265528,0,0,0,0
265534,1,1,1,1
265617,0,0,0,0
265678,1,1,1,1
265707,1,1,1,1
265907,1,1,1,1
266034,1,1,1,1
266085,1,1,0,0
266110,1,1,1,1
266245,0,0,0,0
266248,1,1,1,1
266261,0,1,1,1
266302,1,1,1,1
266317,1,1,1,1
266366,1,1,1,1
266494,1,1,1,1
266575,1,1,1,1
266605,1,0,0,0
266743,0,0,1,1
266795,1,1,1,1
266867,1,1,1,1
266979,0,1,1,1
266992,1,1,1,1
267045,0,0,0,0
267076,1,1,1,1
267092,0,0,0,0
267103,1,1,1,1
267113,1,1,1,1
267201,1,1,1,1
267416,1,1,1,1
267446,0,0,0,0
267524,0,0,0,0
267580,0,0,0,0
267799,1,1,1,1
267890,1,1,1,1
268041,0,0,0,0
268125,1,1,1,1
268140,0,0,0,0
268183,1,1,1,1
268259,1,1,1,1
268397,1,1,1,1
268763,0,0,0,0
268858,0,0,0,0
268934,0,0,0,0
269024,1,0,0,0
269103,0,0,0,0
269112,1,1,1,1
269184,0,0,0,0
269381,0,0,0,0
269462,1,1,1,1
269565,0,0,0,0
269751,0,0,0,0
269770,1,1,1,1
269851,0,0,0,0
269941,1,1,0,0
269974,0,0,0,0
270012,1,1,1,1
270117,0,0,0,0
270143,0,0,0,0
270144,0,0,1,1
270323,0,0,0,0
270341,0,0,0,0
270411,0,0,0,0
270452,0,1,0,0
270523,0,0,0,0
270561,0,0,0,0
270589,0,1,1,1
270662,0,0,0,0
270665,0,0,0,0
270777,0,0,0,0
270845,1,1,1,1
270853,0,0,0,0
270931,1,1,1,1
271185,1,1,1,1
271210,1,1,1,1
271233,1,0,1,1
271313,0,0,0,0
271318,1,0,0,0
271378,0,0,1,0
271399,1,1,1,1
271409,0,0,0,0
271422,0,0,0,0
271449,1,1,1,1
271468,0,1,1,1
271481,0,0,0,0
271594,1,1,1,1
271822,0,0,0,0
271839,1,1,1,1
271925,1,1,1,1
272017,0,0,0,0
272067,1,0,0,0
272225,1,1,1,1
272265,1,0,0,0
272669,0,0,0,0
272674,0,0,0,0
272689,0,0,0,0
272713,1,1,1,1
272816,1,1,1,1
272949,1,1,1,1
272995,0,0,0,0
273011,1,1,1,1
273015,1,1,1,1
273054,0,0,0,0
273149,0,0,0,0
273156,0,0,0,0
273329,0,0,0,0
273388,0,0,0,0
273580,0,0,0,0
273605,0,0,0,0
273967,1,1,1,1
274002,0,0,0,0
274184,0,0,0,0
274217,0,0,0,0
274228,1,1,1,1
274403,0,0,0,0
274437,1,1,1,1
274571,0,0,0,0
274611,0,0,0,0
274650,1,1,1,1
274667,1,1,1,1
274847,1,1,1,1
274930,1,1,1,1
274991,1,1,1,1
275128,0,0,0,0
275210,1,1,1,1
275414,1,1,1,1
275470,0,0,0,0
275487,0,0,0,0
275516,0,0,0,0
275599,1,1,1,1
275806,1,1,1,1
276018,1,1,1,1
276044,1,1,1,1
276092,1,1,1,1
276142,0,0,1,1
276244,1,1,1,1
276284,1,1,1,1
276360,0,0,0,0
276584,0,0,0,0
276655,0,0,0,0
276818,1,1,1,1
277070,0,0,0,0
277136,0,0,0,0
277243,0,0,0,0
277337,0,0,0,0
277358,1,1,1,1
277408,1,1,1,1
277474,1,1,1,1
277600,0,1,1,1
277699,1,1,1,1
277969,1,1,1,1
277992,0,0,0,0
278100,1,1,1,1
278167,1,1,1,1
278245,1,1,1,1
278490,0,0,0,0
278553,0,0,0,0
278575,1,1,1,1
278740,1,1,1,1
278788,0,0,0,0
278995,1,1,1,1
279078,0,0,0,0
279260,0,0,0,0
279382,0,0,0,0
279507,0,0,0,0
279773,1,1,1,1
279828,0,0,0,0
279898,1,1,1,1
280077,0,0,0,0
280116,0,0,0,0
280206,1,1,1,1
280421,1,1,1,1
280440,0,0,0,0
280467,0,0,0,0
280541,0,0,0,0
280586,1,1,1,1
280697,1,1,1,1
280799,1,1,1,1
280818,0,0,0,0
280859,1,1,1,1
280910,0,0,0,1
280929,1,1,1,1
281002,0,1,0,0
281009,1,1,1,1
281080,0,0,0,0
281196,0,0,0,0
281346,0,1,0,0
281449,1,1,1,1
281458,0,0,1,0
281585,0,0,1,1
281615,1,1,1,1
281709,0,0,0,0
281726,1,1,1,1
281743,0,0,0,0
281758,1,0,1,1
281790,0,0,0,0
281819,1,1,1,1
282039,0,0,0,0
282112,1,0,1,1
282118,1,1,1,1
282148,1,1,1,1
282163,1,1,1,1
282388,0,0,0,0
282552,1,0,1,1
282723,0,0,0,0
282735,1,1,1,0
282766,0,0,0,0
282813,0,0,0,0
282954,0,0,0,0
282982,0,0,0,0
283110,0,0,0,0
283168,1,1,1,1
283195,1,1,1,1
283312,0,0,0,0
283339,0,0,0,0
283411,1,1,1,1
283425,0,0,0,0
283470,0,0,0,0
283485,0,0,0,0
283537,1,1,1,1
283634,0,0,0,0
283846,0,0,0,0
283966,0,0,0,0
284035,1,1,1,1
284049,0,0,0,0
284059,1,1,1,1
284062,0,0,0,0
284225,0,0,0,0
284229,1,1,1,1
284255,0,0,0,0
284280,1,0,1,1
284391,0,0,0,0
284446,1,1,1,1
284449,1,0,0,0
284488,1,1,1,1
284500,1,1,1,1
284505,0,1,1,1
284515,0,0,0,0
284558,1,0,0,0
284574,1,1,1,1
284580,1,1,1,1
284757,1,1,1,1
284910,1,1,1,1
285002,1,1,1,1
285306,1,1,1,1
285336,0,0,0,0
285337,1,1,1,1
285363,0,0,1,0
285462,0,0,0,0
285498,0,0,0,0
285562,0,0,0,0
285611,0,1,1,1
285653,0,0,0,0
285673,0,0,0,0
285876,1,1,1,1
285952,1,1,1,1
285978,1,1,1,1
286078,0,0,0,0
286200,0,0,1,1
286260,0,0,0,0
286282,0,0,0,0
286376,0,0,0,0
286410,0,0,0,0
286424,0,0,0,0
286558,1,0,1,1
286595,1,1,1,1
286596,0,1,1,1
286778,1,1,1,1
286798,0,0,0,0
286817,0,0,0,0
286870,1,1,1,1
287104,1,0,0,1
287119,0,0,0,0
287145,0,0,0,0
287270,1,1,1,1
287285,1,1,1,1
287301,0,0,1,1
287459,0,0,1,1
287609,1,1,0,0
287664,1,1,1,1
287684,1,1,1,1
287700,1,1,1,1
287735,0,0,0,0
287765,0,0,0,0
287778,1,1,1,1
287840,0,0,0,0
287865,0,0,0,0
287944,1,1,1,1
287958,1,1,1,1
287985,0,0,0,0
288029,0,1,1,1
288090,1,1,1,1
288158,0,0,0,0
288302,1,1,1,1
288362,1,1,1,1
288390,1,1,1,1
288471,0,0,0,0
288482,0,0,0,0
288510,0,0,0,0
288610,0,0,0,0
288668,0,0,0,0
288756,0,0,0,0
288759,1,1,1,1
288864,0,0,0,0
288876,0,0,0,0
288940,1,1,0,0
288963,1,1,1,1
289030,1,1,1,1
289143,1,1,1,1
289213,1,1,1,1
289246,0,0,0,0
289267,1,1,1,1
289503,1,1,1,1
289534,1,1,1,1
289617,1,1,1,1
289625,1,1,1,1
289753,0,0,1,0
289850,1,1,1,1
289971,0,0,1,1
290152,0,0,0,0
290166,0,0,0,0
290275,1,1,1,1
290276,0,0,0,0
290332,0,0,0,0
290452,1,1,1,1
290493,0,0,0,0
290643,0,0,0,0
290674,0,0,0,0
290678,0,0,0,0
290699,0,0,0,0
290765,1,1,1,1
290791,1,1,1,1
290940,1,1,1,1
290999,1,1,1,1
291085,0,0,0,0
291160,0,1,0,0
291373,1,1,1,1
291384,1,1,1,1
291529,0,0,0,0
291836,1,1,1,1
292050,1,1,1,1
292177,0,0,0,0
292188,0,0,0,0
292285,1,0,1,1
292300,0,0,0,0
292325,1,1,0,1
292366,1,1,1,1
292561,0,0,0,0
292577,0,1,0,0
292763,0,1,1,1
292864,1,1,1,1
293032,1,1,1,1
293096,1,1,1,1
293106,1,0,0,0
293111,1,1,1,1
293182,0,0,0,0
293215,0,0,0,0
293341,1,1,1,1
293520,0,0,0,0
293590,0,0,0,0
293724,0,0,0,0
293796,1,1,1,1
293944,1,1,1,1
293954,1,1,1,1
294005,1,1,1,1
294036,1,1,1,1
294037,1,1,1,1
294040,0,0,0,0
294061,1,1,1,1
294136,0,0,0,0
294168,1,0,1,1
294232,1,1,0,1
294313,1,1,1,1
294315,1,1,1,1
294352,0,1,1,1
294490,1,1,1,1
294546,1,1,1,1
294552,0,0,0,0
294591,0,0,0,0
294649,1,1,1,1
294727,1,1,1,1
295005,1,1,1,1
295046,0,0,0,0
295088,0,0,1,1
295187,0,0,0,0
295323,1,1,1,1
295430,1,1,1,1
295596,1,0,0,0
295602,1,1,1,1
295607,1,1,1,1
295665,0,0,0,0
295992,0,0,0,0
296033,1,1,1,1
296243,0,0,0,0
296292,1,0,1,1
296311,1,1,1,1
296400,0,0,0,0
296684,1,1,1,1
296701,0,0,0,0
296903,1,1,1,1
297003,0,0,0,0
297085,0,0,0,0
297161,0,1,0,0
297367,1,1,1,1
297484,1,1,0,0
297493,1,1,1,1
297524,0,1,1,1
297596,0,0,0,0
297660,1,1,1,1
297691,0,0,0,0
297726,0,0,0,0
297732,0,0,0,0
297765,0,0,0,0
297770,0,0,0,0
297790,1,0,1,1
297915,1,1,1,1
297926,1,0,0,0
297930,1,1,1,1
298269,1,1,1,1
298392,0,0,0,0
298414,0,0,0,0
298631,0,0,0,0
298636,0,0,0,0
298706,0,0,0,0
298742,0,0,0,0
298748,0,1,0,0
298757,1,1,1,1
298848,0,0,0,1
298937,0,0,0,0
299098,0,0,0,0
299263,1,1,1,1
299387,0,0,0,0
299522,0,0,0,0
299677,1,1,1,1
299730,0,0,0,0
299807,0,0,0,0
299837,0,0,0,0
299853,1,1,1,1
300024,1,1,1,1
300101,0,1,1,1
300142,0,0,0,0
300301,1,1,1,1
300342,0,0,0,0
300566,1,1,1,1
300817,0,0,0,0
300995,1,0,0,0
301069,1,1,1,1
301235,1,1,1,1
301291,0,0,1,1
301334,1,1,1,1
301426,0,1,1,1
301493,1,1,1,1
301564,1,1,1,1
301569,1,1,1,1
301623,1,1,1,1
301642,1,1,1,1
301896,1,1,1,1
301898,1,1,1,1
301909,1,1,1,1
301943,0,0,0,0
301954,1,0,0,0
302053,1,0,0,0
302054,0,0,0,0
302078,1,1,0,0
302104,1,1,1,1
302185,0,0,0,0
302212,1,1,1,1
302235,0,0,0,0
302305,0,0,0,0
302323,0,0,0,0
302464,1,0,0,0
302515,1,1,1,1
302574,1,1,1,1
302773,0,0,1,1
302948,0,0,0,0
302968,1,1,1,1
303208,1,1,1,1
303354,0,0,0,0
303415,0,1,1,1
303637,0,0,0,0
303665,0,0,0,0
303746,0,0,0,0
303767,1,1,1,1
303883,1,1,1,1
303952,0,0,0,0
304205,0,0,0,0
304277,0,0,0,0
304281,0,0,0,0
304326,0,0,0,0
304479,1,1,1,1
304624,0,1,0,0
304677,1,1,1,1
304766,0,0,0,0
304791,1,1,1,1
304857,1,1,1,1
304876,1,1,1,1
304880,0,0,0,0
304892,0,0,0,0
305188,0,0,0,0
305343,1,1,1,1
305478,0,1,1,1
305519,0,0,0,0
305537,1,1,1,1
305666,1,1,1,1
305680,1,1,1,1
305691,1,1,1,1
305813,0,0,0,0
305826,1,1,0,0
306011,1,1,1,1
306234,1,1,1,1
306425,1,1,1,1
306771,0,0,0,0
306977,1,1,1,1
306992,0,0,0,0
307023,1,1,1,1
307064,1,1,1,1
307260,0,0,0,0
307279,0,0,0,0
307338,1,1,1,1
307357,1,1,1,1
307417,1,1,1,1
307426,1,1,1,1
307499,0,0,0,0
307553,1,1,1,1
307651,0,0,0,0
307832,1,0,1,1
308011,1,1,1,1
308113,1,1,1,1
308120,1,1,1,1
308251,1,0,0,0
308296,0,1,1,1
308328,1,1,1,1
308370,1,1,1,1
308432,0,0,0,0
308516,0,0,0,0
308565,0,1,1,1
308669,0,0,0,0
308716,1,1,1,1
308784,1,1,1,1
308829,0,0,0,0
308873,1,1,1,1
308893,1,1,1,1
308945,1,1,1,1
308954,0,0,0,0
309084,1,1,1,1
309156,1,1,1,1
309313,1,1,1,1
309370,0,0,0,0
309410,1,1,1,1
309426,0,1,0,0
309514,1,1,1,1
309626,1,1,1,1
309803,1,1,1,1
309822,1,1,1,1
310036,0,0,0,0
310059,0,0,0,0
310066,1,1,1,1
310083,0,0,0,0
310098,0,0,1,1
310134,1,1,1,1
310149,0,0,0,0
310234,0,0,0,0
310304,1,1,1,1
310390,0,0,0,0
310415,0,0,0,0
310450,1,1,1,1
310463,0,0,0,0
310729,0,0,0,0
310822,1,1,1,1
310839,1,0,0,0
310857,1,1,1,1
310934,0,0,0,0
310960,1,1,1,1
311210,0,0,0,0
311322,1,1,1,1
311341,1,1,1,1
311401,0,0,0,0
311498,0,0,0,0
311507,1,1,1,1
311635,1,1,1,1
311707,1,1,0,0
311710,1,1,1,1
311847,1,1,1,1
311862,0,0,0,0
311864,0,1,1,0
312032,0,0,0,0
312073,1,1,1,1
312154,1,1,1,1
312207,1,1,1,1
312313,0,0,0,0
312463,1,1,1,1
312466,0,0,0,0
312492,1,1,1,1
312522,0,0,0,0
312620,0,0,0,0
312649,0,0,0,0
312681,1,1,1,1
312705,1,1,1,1
312728,1,1,1,1
312814,0,0,0,0
312841,1,1,1,1
312939,1,1,1,1
313061,0,0,0,0
313121,0,0,0,0
313156,1,1,1,1
313176,0,0,0,0
313223,1,1,1,1
313318,1,1,1,1
313358,1,1,1,1
313443,0,0,0,0
313465,1,1,1,1
313483,1,1,1,1
313513,1,1,1,1
313537,1,1,0,0
313580,1,1,1,1
313703,0,0,0,0
313799,0,1,1,1
313801,1,1,1,1
313890,1,1,1,1
313972,0,0,0,0
314023,1,1,1,1
314285,1,1,1,1
314374,0,0,0,0
314434,0,0,0,0
314562,0,1,0,1
314597,0,0,0,0
314669,0,0,0,0
314748,1,1,1,1
314829,0,0,0,0
314847,1,1,1,1
314959,1,1,1,1
314974,0,0,0,0
315257,1,1,1,1
315382,1,1,1,1
315410,0,1,1,1
315438,0,0,0,0
315449,1,1,1,1
315481,0,0,1,1
315652,1,1,1,1
315761,0,0,0,0
315883,0,0,0,0
316042,0,0,0,0
316105,1,1,1,1
316194,1,1,1,1
316214,1,1,1,1
316237,1,1,0,0
316309,0,0,0,0
316363,0,0,0,0
316501,1,1,1,1
316585,1,0,0,0
316822,1,1,1,1
316900,1,0,0,0
316920,0,0,0,0
316921,0,0,0,0
316991,0,0,0,0
317038,0,0,0,0
317350,1,1,1,1
317502,1,1,1,1
317557,0,0,0,0
317590,1,1,1,1
317951,0,0,0,0
318419,0,0,0,0
318428,1,1,1,1
318466,1,1,0,1
318475,0,0,0,0
318641,0,0,0,0
318688,1,1,1,1
318842,0,0,0,0
318855,0,0,0,0
318865,0,0,0,0
318869,0,0,0,0
318889,1,1,1,1
318998,1,1,1,1
319081,0,1,0,0
319259,1,1,1,1
319388,1,1,1,1
319437,0,0,0,0
319505,0,0,0,0
319577,0,0,0,0
319760,0,0,0,0
319870,1,1,1,1
319897,1,1,1,1
319962,0,0,0,0
320027,0,0,0,0
320075,0,0,0,0
320172,0,0,0,0
320320,0,1,1,1
320338,1,1,1,1
320363,1,1,1,1
320379,0,0,0,0
320586,0,0,0,0
320631,1,1,1,1
320912,0,0,0,0
321090,0,0,0,0
321097,0,0,0,0
321139,0,0,0,0
321383,0,0,0,0
321430,0,0,0,0
321485,1,1,1,1
321614,1,0,1,1
321621,0,0,0,0
321632,1,1,1,1
321639,1,1,1,1
321882,1,0,0,1
321910,0,0,0,0
321987,0,1,0,0
322011,0,0,0,0
322110,0,0,0,1
322159,1,1,1,1
322344,0,0,0,0
322361,1,0,0,0
322446,1,0,0,0
322467,1,1,1,1
322629,0,0,0,0
322637,0,0,0,0
322774,1,0,0,0
322833,0,0,1,1
323048,0,0,0,0
323070,0,0,0,0
323099,0,0,0,0
323127,0,0,0,0
323134,0,0,0,0
323205,1,1,1,1
323209,0,0,0,0
323499,0,1,0,1
323600,1,1,1,1
323604,0,0,0,0
323729,1,1,1,1
323754,1,1,1,1
323867,1,1,1,1
323936,1,1,1,1
323985,1,1,1,1
324035,1,1,1,1
324073,1,1,1,1
324175,1,1,1,1
324176,1,0,1,1
324187,1,1,1,1
324204,0,0,0,0
324287,0,0,0,0
324291,1,0,0,0
324408,1,0,0,0
324457,0,0,0,0
324544,0,0,0,0
324558,1,1,1,1
324605,1,1,1,1
324742,1,1,1,1
324791,1,1,1,1
324883,1,0,1,1
324893,1,1,1,1
324897,0,0,0,0
324953,1,1,1,1
324961,1,1,1,1
325044,0,0,0,0
325444,0,0,0,0
325618,1,0,0,0
325623,0,0,0,0
325640,1,1,1,1
325690,1,1,1,1
325691,1,1,1,1
325748,1,0,0,0
326160,1,1,1,1
326189,0,0,0,0
326288,0,1,1,1
326418,0,0,0,0
326452,1,1,1,1
326548,1,1,1,1
326701,0,0,0,1
326749,1,1,1,1
326881,0,0,0,0
326961,1,0,0,0
327035,0,0,0,0
327043,0,0,0,0
327089,0,0,0,0
327092,0,0,0,0
327136,1,1,1,1
327214,1,1,1,1
327307,0,0,0,0
327845,1,1,1,1
327871,1,1,1,1
328003,1,1,1,1
328032,1,0,1,1
328340,1,1,1,1
328393,0,0,0,0
328410,0,0,0,0
328417,1,1,1,1
328662,0,0,0,0
328723,1,1,1,1
328759,1,0,0,0
328915,0,0,0,0
328925,0,0,0,0
328940,0,0,0,0
328997,0,0,0,0
329051,0,0,0,0
329186,1,1,1,1
329232,1,1,1,1
329302,0,1,1,1
329331,0,0,0,0
329356,1,1,1,1
329485,0,0,0,0
329540,0,0,0,0
329706,1,1,1,1
329732,0,0,0,0
329821,0,0,0,0
330023,1,1,1,1
330065,1,1,1,1
330077,1,1,1,1
330189,0,0,0,0
330270,0,0,0,0
330355,0,0,0,0
330548,0,0,0,0
330565,1,1,1,1
330568,0,0,0,0
330807,1,1,1,1
330833,1,1,1,1
330866,0,0,0,0
330973,1,1,1,1
331096,1,1,1,1
331121,0,0,0,0
331169,1,0,0,0
331181,1,1,1,1
331447,1,1,1,1
331576,0,0,0,0
331647,1,1,1,1
331775,1,1,1,1
331933,1,0,0,0
331949,0,0,0,0
332153,1,1,1,1
332164,1,1,1,1
332202,1,1,1,1
332255,0,0,1,1
332273,0,0,1,0
332354,0,0,0,0
332411,0,0,0,0
332538,1,1,1,1
332558,0,0,0,0
332668,0,0,0,0
332725,1,1,1,1
332772,1,0,0,0
332795,1,1,1,1
332990,1,1,1,1
333003,1,1,1,1
333052,0,0,0,0
333124,1,1,1,1
333137,1,1,0,0
333252,0,0,0,0
333320,1,1,1,1
333354,0,0,0,0
333435,0,0,0,0
333525,0,0,0,0
333815,0,1,1,0
333850,0,0,0,0
333967,1,1,1,1
334065,0,0,0,0
334084,0,0,0,0
334482,1,0,1,1
334558,1,1,1,1
334795,1,1,1,1
335047,1,1,1,1
335254,0,1,0,0
335658,1,1,1,1
335743,0,0,0,0
335838,1,1,1,1
335896,0,0,0,0
335951,1,1,1,1
335957,0,0,0,0
335973,1,1,1,1
336236,1,1,1,1
336239,1,1,1,1
336246,0,0,0,0
336338,0,0,0,0
336354,1,1,1,1
336401,1,1,1,1
336435,1,0,0,0
336504,1,0,0,0
336622,0,0,0,0
336923,1,1,1,1
336942,0,0,0,0
337203,1,1,1,1
337251,1,1,1,1
337330,1,1,1,1
337428,0,0,0,0
337484,0,0,0,0
337504,0,1,1,1
337506,1,1,1,1
337513,1,0,0,0
337607,0,0,0,0
337743,1,1,1,1
337871,0,0,0,0
338033,1,1,1,1
338156,0,0,0,0
338490,1,1,1,1
338556,0,0,0,0
338612,1,1,0,0
338618,0,0,0,0
338633,1,1,1,1
338691,1,1,1,1
338745,1,1,1,1
338789,1,1,1,1
338893,0,0,1,0
338955,0,0,0,0
339175,1,1,1,1
339211,0,0,0,0
339237,1,1,1,1
339329,1,1,1,1
339338,0,0,0,0
339475,1,0,1,1
339483,1,1,1,1
339497,0,0,0,0
339514,0,0,0,0
339522,0,0,0,0
339558,1,1,1,1
339797,1,1,1,1
339816,0,0,0,0
339846,0,0,0,0
340005,1,1,1,1
340007,0,1,0,1
340021,1,1,1,1
340040,0,1,1,0
340127,1,1,1,1
340151,0,1,0,0
340202,0,0,0,0
340222,0,0,0,0
340344,1,1,1,1
340532,1,0,0,0
340596,0,0,0,1
340597,1,0,0,0
340778,1,1,1,1
340830,0,0,0,0
340846,1,1,1,1
340875,1,1,1,1
340927,0,0,0,0
340934,0,0,0,0
341045,0,0,0,0
341121,1,1,0,1
341127,1,1,1,1
341448,0,0,0,1
341453,0,0,0,0
341494,0,0,0,0
341821,0,0,0,0
341946,0,0,0,0
341987,1,1,1,1
342278,0,1,0,0
342454,1,1,1,1
342464,0,0,0,0
342468,1,1,1,1
342556,0,1,0,0
342841,1,1,1,1
342908,0,0,0,0
343040,1,1,1,1
343056,1,1,1,1
343139,1,1,1,1
343168,0,1,1,1
343372,1,1,1,1
343381,0,1,0,0
343437,1,0,0,0
343498,0,0,0,0
343515,0,0,0,0
343544,0,0,1,1
343667,1,1,1,1
343714,1,1,1,1
343895,0,0,0,0
343918,0,0,0,0
343998,1,0,1,1
344055,0,0,0,0
344060,0,0,0,0
344220,1,0,0,0
344384,1,1,1,1
344418,1,1,1,1
344461,0,0,0,0
344537,0,1,1,1
344581,0,0,0,0
344594,0,0,0,0
344672,1,1,1,1
344727,0,0,0,0
344733,0,0,0,0
344868,1,1,1,1
344895,0,1,1,1
344929,1,0,0,0
345091,1,1,1,1
345097,1,1,1,1
345125,0,0,0,0
345191,1,1,1,1
345215,0,0,0,0
345308,0,0,0,0
345318,1,1,1,1
345321,1,1,1,1
345381,0,0,0,0
345390,0,0,0,0
345401,1,1,1,1
345489,1,1,1,1
345509,0,1,0,1
345536,0,0,0,0
345611,1,1,1,1
345735,0,0,0,0
345784,1,1,1,1
346057,0,1,0,0
346058,0,0,0,0
346135,0,0,1,1
346233,0,0,0,0
346235,0,0,0,1
346299,1,1,0,0
346324,0,0,0,0
346479,1,1,1,1
346530,1,1,1,1
346568,1,1,1,1
346590,1,1,1,1
346679,1,1,1,1
346700,0,0,0,0
346784,1,1,1,1
346877,0,0,0,0
346989,0,0,0,0
347049,0,0,0,0
347192,1,1,1,1
347243,1,1,1,1
347384,0,0,0,0
347389,0,0,0,0
347409,1,1,1,1
347474,1,1,1,1
347491,0,0,0,0
347527,0,0,0,0
347566,0,0,0,0
347669,0,0,0,0
347711,1,1,1,1
347795,0,1,1,1
347812,1,1,0,0
347845,1,1,1,1
347934,0,0,0,0
348023,0,0,0,0
348184,1,1,1,1
348268,1,1,1,1
348445,1,0,0,0
348473,1,1,1,1
348545,1,1,1,1
348555,1,1,1,1
348577,1,1,1,1
348589,0,0,0,0
348659,1,1,1,1
348737,1,1,1,1
348927,1,1,1,1
348933,1,1,1,1
349155,1,0,1,1
349255,0,0,0,0
349270,0,0,0,0
349313,1,1,1,1
349336,1,1,1,1
349417,0,0,0,0
349507,0,0,0,0
349581,0,0,0,0
349643,1,1,1,1
349749,1,1,1,1
349801,0,0,0,0
349864,1,1,1,1
350195,0,0,0,0
350261,1,1,1,1
350290,0,0,0,0
350447,0,0,0,0
350583,1,0,1,1
350709,0,0,0,0
350994,1,1,1,1
351048,0,0,0,0
351171,1,1,1,1
351210,0,0,0,0
351215,0,0,0,0
351320,1,1,1,1
351438,0,0,0,0
351883,0,0,0,0
352006,0,0,0,0
352149,1,1,1,1
352239,1,1,1,1
352307,1,1,1,1
352335,1,0,1,0
352350,1,1,1,1
352363,1,1,1,1
352622,0,0,0,0
352794,1,1,1,1
352826,0,0,0,0
352838,1,1,1,1
352855,0,0,0,0
352915,1,1,1,1
352923,0,1,1,1
353009,0,0,0,0
353033,1,1,1,1
353074,0,0,0,0
353296,0,0,0,0
353351,0,0,0,0
353355,0,0,0,0
353398,0,0,0,0
353618,1,1,1,1
353794,0,0,0,0
353801,1,1,1,1
353994,0,0,0,0
354065,0,0,0,0
354138,1,1,1,1
354143,0,0,0,0
354269,0,0,0,0
354342,1,1,0,1
354580,0,0,0,0
354586,1,1,1,1
354657,0,0,0,0
354660,1,1,1,1
354782,1,1,1,1
354841,1,1,1,1
354942,0,0,0,0
355021,0,0,0,0
355095,1,1,1,1
355131,0,0,0,0
355205,0,0,0,0
355319,1,1,1,1
355359,0,0,0,0
355361,0,0,0,0
355475,0,0,0,0
355504,0,0,0,0
355573,0,0,0,0
355821,1,1,1,1
355829,1,1,1,1
355870,0,0,0,0
356009,1,1,1,1
356013,0,0,1,1
356091,1,1,1,1
356132,1,1,1,1
356160,0,0,0,0
356229,1,1,1,1
356257,1,1,1,1
356305,0,0,0,0
356338,1,1,1,1
356458,1,1,1,1
356477,0,0,0,0
356481,0,1,0,0
356504,0,1,1,1
356653,0,0,0,0
356704,1,1,1,1
356781,0,0,0,0
356788,1,1,1,1
356851,0,0,0,0
356909,0,0,0,0
356998,0,0,0,0
357124,0,0,0,0
357258,0,0,0,0
357446,0,1,1,0
357455,0,0,0,0
357649,1,1,1,1
357665,0,0,0,0
357929,1,1,1,1
358308,1,1,1,1
358362,0,0,0,0
358593,0,0,0,0
358610,0,0,0,0
358670,0,0,0,0
358724,0,0,0,0
358744,0,0,0,0
358770,1,1,1,1
358909,0,0,0,0
359256,1,1,1,1
359453,0,0,0,0
359480,0,0,0,0
359518,1,1,1,1
359537,0,0,0,0
359641,0,1,1,1
359749,1,1,1,1
359752,0,0,0,0
359850,0,0,0,0
359999,0,0,0,0
360038,1,1,1,1
360090,1,1,1,1
360103,0,0,0,0
360251,0,0,0,0
360294,0,0,0,0
360375,0,1,0,0
360385,0,0,1,1
360465,0,0,0,0
360964,0,0,0,0
361284,0,0,0,0
361309,0,1,0,0
361410,1,1,1,1
361513,0,0,0,0
361562,0,0,0,0
361762,1,1,1,1
361790,0,0,0,0
361796,0,0,0,0
361812,1,1,1,1
361886,0,0,0,0
361938,1,0,0,0
362112,1,1,1,1
362158,1,1,1,1
362189,1,1,1,1
362292,1,1,1,1
362299,0,0,0,0
362357,1,1,1,1
362533,0,1,0,0
362760,0,1,1,1
362793,1,1,1,1
362985,0,0,0,0
363119,1,1,1,1
363184,0,1,1,1
363228,0,0,0,0
363319,0,0,0,0
363329,1,1,1,1
363338,1,1,1,1
363340,0,0,0,0
363361,1,1,1,1
363364,0,0,0,0
363436,0,0,0,0
363437,0,0,0,0
363517,1,1,1,1
363538,0,0,0,0
363600,1,1,1,1
363667,1,1,1,1
363858,0,0,0,0
363879,0,1,1,1
363895,0,0,0,0
363915,0,0,0,0
364127,1,0,0,0
364191,0,0,0,0
364302,1,1,1,1
364337,1,1,1,1
364502,1,1,1,1
364508,0,0,0,0
364522,0,0,0,0
364613,1,1,1,1
364626,0,0,0,0
364658,0,0,0,0
364719,0,0,0,0
364732,1,1,1,1
364793,1,1,1,1
364887,1,1,0,1
364978,0,0,0,0
365145,0,0,0,0
365159,0,1,0,1
365163,1,1,1,1
365239,1,1,1,1
365290,1,1,1,1
365342,0,0,0,0
365443,1,1,1,1
365507,1,1,1,1
365682,0,0,0,0
365833,0,0,0,0
366067,0,0,0,0
366076,1,1,1,1
366084,0,0,0,0
366300,1,1,1,1
366492,1,1,1,1
366531,0,0,0,0
366575,1,1,1,1
366584,0,0,1,0
366661,1,1,1,1
366713,0,0,0,0
366730,0,0,1,0
366731,0,0,0,0
366779,0,0,0,0
366873,1,1,1,1
367310,0,0,1,0
367365,1,1,1,1
367417,1,0,0,0
367469,1,1,1,1
367753,0,0,0,0
367794,1,1,1,1
368077,1,1,1,1
368097,1,1,1,1
368262,1,1,0,1
368287,0,0,0,0
368422,0,0,0,0
368451,1,1,1,1
368485,1,1,1,1
368521,1,1,1,1
368578,0,0,0,0
368604,0,0,0,0
368688,0,1,1,1
368751,0,0,0,0
368967,0,0,0,0
369010,1,0,0,0
369093,0,0,0,0
369192,0,0,0,0
369262,0,0,0,0
369357,0,0,0,0
369379,0,0,0,0
369450,0,0,0,0
369500,0,0,1,0
369523,1,1,1,1
369535,1,1,1,1
369551,0,1,1,1
369583,0,0,0,0
369607,0,0,0,0
370043,0,0,0,0
370215,1,1,1,1
370248,0,0,0,0
370347,0,0,0,0
370697,0,0,0,0
370710,1,1,1,1
370984,0,0,0,0
370993,0,0,0,0
371147,1,1,1,1
371150,0,0,0,0
371255,1,1,1,1
371271,0,0,0,0
371276,1,1,1,1
371310,1,1,1,1
371317,1,1,1,1
371728,1,1,1,1
371892,1,1,1,1
371928,0,0,0,0
371937,0,0,0,0
372158,1,1,1,1
372171,1,1,1,1
372195,0,0,0,0
372314,0,0,0,0
372492,0,0,0,0
372571,0,0,0,0
372639,1,1,1,1
372663,0,0,0,0
372811,1,1,1,1
372914,0,1,0,1
372996,1,1,1,1
373031,1,1,1,1
373063,1,0,0,0
373096,0,0,0,0
373105,0,0,0,0
373114,1,1,1,1
373211,1,0,0,0
373284,0,0,0,0
373579,1,1,1,1
373591,0,1,0,0
373681,0,1,1,1
373820,0,0,0,0
373830,0,1,1,1
373913,1,1,1,1
373918,1,1,1,1
373953,0,0,0,0
374179,0,0,0,0
374311,1,1,1,1
374407,1,1,1,1
374412,0,0,0,0
374507,0,0,0,0
374528,0,0,0,0
374547,0,0,0,0
374734,0,0,0,0
374736,1,0,1,1
374738,1,1,1,1
374773,1,1,1,1
375032,1,1,1,1
375078,1,1,1,1
375555,0,0,0,0
375590,1,0,0,0
375667,0,0,0,0
375774,1,1,1,1
375809,1,1,1,1
375812,0,0,0,0
375842,0,0,0,0
375937,1,1,0,0
375943,1,1,1,1
376048,0,0,0,0
376166,1,1,1,1
376169,0,0,0,0
376179,1,1,1,1
376225,0,0,0,0
376282,1,1,1,1
376301,1,1,1,1
376340,1,1,1,1
376378,0,1,0,0
376533,0,0,0,0
376557,0,0,0,0
376690,1,1,1,1
376708,1,1,1,1
376768,0,0,0,0
376891,0,0,0,0
377110,1,1,1,1
377114,0,0,0,0
377135,0,0,0,0
377157,0,0,0,0
377300,0,0,0,0
377355,0,0,0,0
377689,0,0,0,0
378091,0,0,0,0
378348,1,1,1,1
378464,1,0,1,1
378466,1,0,0,0
378520,0,0,0,0
378574,0,0,1,1
378581,0,0,0,0
378600,0,0,1,1
378634,0,0,0,0
378690,0,0,0,0
378736,1,1,1,1
378815,0,0,1,0
378897,0,0,0,0
379242,0,0,0,0
379260,0,0,0,0
379272,0,0,0,0
379393,0,0,0,0
379563,1,1,1,1
379719,1,1,1,1
379734,1,1,1,1
379757,1,1,1,1
379790,1,1,1,1
379808,1,1,1,1
379819,1,1,1,1
379830,1,1,1,1
379844,1,1,0,1
379846,0,0,1,0
379867,1,1,1,1
379957,0,0,0,0
379971,1,1,1,1
379982,1,1,1,1
380064,1,1,1,1
380122,1,0,1,1
380264,0,1,1,1
380431,0,0,0,0
380445,0,0,0,0
380458,0,0,0,0
380461,0,0,0,0
380568,1,1,1,1
380612,0,0,0,0
380776,0,0,0,0
380790,1,1,1,1
380812,0,0,0,0
380879,0,0,0,0
380902,1,1,1,1
380929,0,0,0,0
381100,1,1,1,1
381152,0,0,0,0
381344,0,0,0,0
381498,0,0,1,1
381509,1,1,1,1
381550,1,1,1,1
381593,1,1,1,1
381637,0,0,0,0
381663,1,1,1,1
381846,0,1,0,0
381947,1,0,1,1
382062,0,0,0,0
382157,0,0,0,0
382177,0,0,0,0
382315,0,0,0,0
382352,1,1,1,1
382443,0,0,0,0
382505,0,0,0,0
382521,0,0,0,0
382765,1,1,1,1
382967,0,0,0,0
383015,0,0,0,0
383109,1,1,1,1
383126,1,1,1,1
383178,0,0,0,0
383197,1,1,1,1
383354,1,0,0,0
383374,1,1,1,1
383418,0,0,0,0
383535,1,1,1,1
383880,1,1,1,1
383890,0,0,0,0
384013,1,1,0,0
384144,0,0,0,0
384157,0,0,0,0
384190,1,1,1,1
384253,1,1,1,1
384289,0,0,0,0
384364,0,0,0,0
384521,1,1,1,1
384553,0,0,0,0
384575,0,0,0,0
384636,0,0,0,0
384642,0,0,0,0
384781,1,1,1,1
384925,0,0,0,0
384949,0,0,1,1
384958,1,1,1,1
385047,0,0,0,0
385395,1,1,1,1
385419,1,1,1,1
385429,1,1,1,1
385433,0,0,0,0
385619,1,1,1,1
385698,1,1,1,1
385800,0,0,0,0
385832,0,0,0,0
385889,1,0,0,0
385954,0,1,1,1
386059,1,1,1,1
386431,1,1,1,1
386537,1,0,0,0
386569,0,1,0,0
386651,1,1,1,1
386695,1,1,1,1
386777,1,1,1,1
386808,0,0,0,0
386918,1,1,1,1
387099,0,0,0,0
387159,1,1,1,1
387207,1,1,1,1
387265,1,1,1,1
387313,0,0,0,0
387444,0,0,0,0
387528,1,1,1,1
387744,1,1,1,1
387855,0,0,0,0
387905,0,0,0,0
387943,0,0,0,0
387950,0,0,0,0
387997,0,1,1,1
388050,0,0,0,0
388158,0,0,0,0
388178,1,1,0,0
388320,0,0,0,0
388424,0,0,0,0
388440,1,1,1,1
388444,1,1,1,1
388570,1,1,1,1
388578,0,0,0,0
388604,1,1,1,1
388883,0,1,0,0
388958,0,0,0,0
388970,0,0,0,0
389086,0,0,0,0
389190,0,0,0,0
389271,1,1,1,1
389410,1,0,1,1
389431,0,0,0,0
389530,0,0,0,0
389610,1,0,0,0
389635,1,1,1,1
389720,1,1,1,1
389949,1,1,1,1
390042,1,0,1,1
390080,0,0,0,0
390094,0,0,0,0
390100,0,0,0,0
390111,0,0,0,0
390195,0,0,0,0
390196,0,0,0,0
390240,0,1,0,0
390254,0,0,0,0
390519,1,0,1,1
390630,1,1,1,1
390695,0,0,0,0
390719,1,1,1,1
391022,1,1,1,1
391050,1,1,1,1
391139,0,0,0,0
391145,1,1,1,1
391163,0,0,0,0
391218,0,0,1,0
391230,1,1,1,1
391411,0,0,0,0
391449,1,1,1,1
391536,0,0,0,0
391571,1,1,1,1
391706,1,0,0,0
391854,0,0,0,0
391922,0,0,0,0
391986,0,0,0,0
392016,0,0,0,0
392043,0,0,0,0
392154,1,1,1,1
392237,0,0,0,0
392380,0,0,0,0
392496,0,1,1,1
392509,0,0,0,0
392620,0,0,1,1
392654,1,0,1,1
392730,0,0,0,0
392807,0,0,0,0
392827,1,0,0,0
393157,1,1,1,1
393212,1,0,1,1
393215,1,1,1,1
393308,1,1,1,1
393473,1,1,1,1
393502,1,1,1,1
393597,1,1,1,1
393646,0,0,0,0
393669,1,1,1,1
393727,1,1,1,1
393821,0,0,0,0
393833,1,1,1,1
393917,1,1,1,1
394039,0,0,0,0
394111,0,0,0,0
394168,0,1,1,1
394199,1,1,1,1
394209,1,1,1,1
394320,1,1,1,1
394334,0,0,0,0
394339,0,0,0,0
394427,0,0,0,0
394429,0,0,0,0
394514,1,1,1,1
394566,0,0,0,0
394572,0,0,0,0
394631,0,1,1,1
394660,1,0,1,1
394681,0,0,0,0
394710,1,1,1,1
394793,0,0,0,0
394925,0,0,0,0
395307,0,0,0,0
395628,1,1,1,1
395743,0,0,0,0
395803,1,1,1,1
395886,1,1,1,1
396009,1,1,1,1
396017,1,1,1,1
396079,0,0,0,0
396098,0,0,0,0
396169,0,0,0,0
396178,1,1,1,1
396195,0,0,0,0
396307,0,1,0,0
396319,0,0,0,0
396545,1,0,0,1
396563,1,1,1,1
396627,0,1,0,0
396940,1,1,0,0
396974,0,1,0,0
397101,0,0,0,0
397171,0,0,0,0
397262,1,1,1,1
397273,1,1,1,1
397394,1,1,1,1
397429,0,0,0,0
397592,1,1,1,1
397596,1,1,1,1
397653,1,1,1,1
397818,0,0,0,0
397862,0,0,0,0
398032,1,1,1,1
398094,1,0,0,0
398187,0,0,0,0
398208,0,0,0,0
398240,1,1,1,1
398265,1,1,1,1
398298,0,0,0,0
398317,0,0,0,0
398343,0,0,1,1
398358,0,0,1,1
398417,1,1,1,1
398460,0,0,0,0
398509,1,1,1,1
398528,0,0,0,0
398736,0,0,0,0
398739,1,1,1,1
398807,0,0,0,0
398934,1,0,0,0
399004,1,1,1,1
399006,1,0,1,1
399022,1,1,1,1
399053,1,1,1,0
399096,0,1,0,0
399252,0,0,0,0
399282,1,0,1,1
399294,1,1,1,1
399322,1,1,1,1
399371,1,1,0,0
399389,0,0,0,0
399638,1,1,1,1
399752,1,1,1,1
399816,1,1,1,1
399831,0,0,0,0
399879,1,1,1,1
399961,0,0,0,0
399988,1,1,1,1
